{
  "Top": "SgdLR_sw",
  "RtlTop": "SgdLR_sw",
  "RtlPrefix": "",
  "SourceLanguage": "cpp",
  "ResetStyle": "control",
  "GenerateBdFiles": "0",
  "HostMachineBits": "64",
  "Target": {
    "Family": "zynq",
    "Device": "xc7z020",
    "Package": "-clg484",
    "Speed": "-1"
  },
  "HlsSolution": {
    
  },
  "Args": {
    "data": {
      "index": "0",
      "type": {
        "kinds": ["array"],
        "dataType": "ap_fixed",
        "dataWidth": "16",
        "arraySizes": ["4608000"],
        "multiInterfaceRef": [
          "data_V_address0",
          "data_V_q0"
        ]
      }
    },
    "label": {
      "index": "1",
      "type": {
        "kinds": ["array"],
        "dataType": "ap_uint",
        "dataWidth": "8",
        "arraySizes": ["4500"],
        "multiInterfaceRef": [
          "label_V_address0",
          "label_V_q0"
        ]
      }
    },
    "theta": {
      "index": "2",
      "type": {
        "kinds": ["array"],
        "dataType": "ap_fixed",
        "dataWidth": "32",
        "arraySizes": ["1024"],
        "multiInterfaceRef": [
          "theta_V_address0",
          "theta_V_address1",
          "theta_V_d1",
          "theta_V_q0"
        ]
      }
    }
  },
  "Return": {
    
  },
  "ClockInfo": {
    "ClockName": "ap_clk",
    "ClockPeriod": "10",
    "IsCombLogic": "0",
    "II": "x",
    "Latency": "70335001",
    "Uncertainty": "1.25"
  },
  "Xdc": {"OocClocks": ["create_clock -name ap_clk -period 10.000 [get_ports ap_clk]"]},
  "Ipx": {
    "Vendor": "xilinx.com",
    "Library": "hls",
    "Name": "SgdLR_sw",
    "Version": "1.0",
    "DisplayName": "Sgdlr_sw",
    "Revision": "",
    "Description": "An IP generated by Vivado HLS",
    "Taxonomy": "\/VIVADO_HLS_IP",
    "AutoFamilySupport": ""
  },
  "Files": {
    "CSource": ["..\/..\/spam-filter\/src\/sw\/sgd_sw.cpp"],
    "Vhdl": [
      "impl\/vhdl\/SgdLR_sw_fadd_32nbkb.vhd",
      "impl\/vhdl\/SgdLR_sw_fdiv_32ncud.vhd",
      "impl\/vhdl\/SgdLR_sw_fexp_32neOg.vhd",
      "impl\/vhdl\/SgdLR_sw_fpext_32dEe.vhd",
      "impl\/vhdl\/SgdLR_sw_gradient_V.vhd",
      "impl\/vhdl\/SgdLR_sw.vhd"
    ],
    "Verilog": [
      "impl\/verilog\/SgdLR_sw_fadd_32nbkb.v",
      "impl\/verilog\/SgdLR_sw_fdiv_32ncud.v",
      "impl\/verilog\/SgdLR_sw_fexp_32neOg.v",
      "impl\/verilog\/SgdLR_sw_fpext_32dEe.v",
      "impl\/verilog\/SgdLR_sw_gradient_V.v",
      "impl\/verilog\/SgdLR_sw.v"
    ],
    "Misc": ["impl\/misc\/logo.png"],
    "Subcore": [
      "impl\/misc\/SgdLR_sw_ap_fadd_3_full_dsp_32_ip.tcl",
      "impl\/misc\/SgdLR_sw_ap_fdiv_14_no_dsp_32_ip.tcl",
      "impl\/misc\/SgdLR_sw_ap_fexp_7_full_dsp_32_ip.tcl",
      "impl\/misc\/SgdLR_sw_ap_fpext_0_no_dsp_32_ip.tcl"
    ],
    "DesignXml": "F:\/vlsi\/spam\/solution1\/.autopilot\/db\/SgdLR_sw.design.xml",
    "DebugDir": "F:\/vlsi\/spam\/solution1\/.debug",
    "ProtoInst": ["F:\/vlsi\/spam\/solution1\/.debug\/SgdLR_sw.protoinst"]
  },
  "SubcoreInfo": {
    "HasXpmMemory": false,
    "HasClockedDsp": false,
    "IP": [
      {
        "name": "SgdLR_sw_ap_fadd_3_full_dsp_32",
        "vlnv": "xilinx.com:ip:floating_point:7.1",
        "params": "CONFIG.a_precision_type Single CONFIG.a_tuser_width 1 CONFIG.add_sub_value Add CONFIG.b_tuser_width 1 CONFIG.c_a_exponent_width 8 CONFIG.c_a_fraction_width 24 CONFIG.c_compare_operation Programmable CONFIG.c_has_divide_by_zero false CONFIG.c_has_invalid_op false CONFIG.c_has_overflow false CONFIG.c_has_underflow false CONFIG.c_latency 3 CONFIG.c_mult_usage Full_Usage CONFIG.c_optimization Speed_Optimized CONFIG.c_rate 1 CONFIG.c_result_exponent_width 8 CONFIG.c_result_fraction_width 24 CONFIG.component_name SgdLR_sw_ap_fadd_3_full_dsp_32 CONFIG.flow_control NonBlocking CONFIG.has_a_tlast false CONFIG.has_a_tuser false CONFIG.has_aclken true CONFIG.has_aresetn false CONFIG.has_b_tlast false CONFIG.has_b_tuser false CONFIG.has_operation_tlast false CONFIG.has_operation_tuser false CONFIG.has_result_tready false CONFIG.maximum_latency false CONFIG.operation_tuser_width 1 CONFIG.operation_type Add_Subtract CONFIG.result_precision_type Single CONFIG.result_tlast_behv Null"
      },
      {
        "name": "SgdLR_sw_ap_fdiv_14_no_dsp_32",
        "vlnv": "xilinx.com:ip:floating_point:7.1",
        "params": "CONFIG.a_precision_type Single CONFIG.a_tuser_width 1 CONFIG.add_sub_value Both CONFIG.b_tuser_width 1 CONFIG.c_a_exponent_width 8 CONFIG.c_a_fraction_width 24 CONFIG.c_compare_operation Programmable CONFIG.c_has_divide_by_zero false CONFIG.c_has_invalid_op false CONFIG.c_has_overflow false CONFIG.c_has_underflow false CONFIG.c_latency 14 CONFIG.c_mult_usage No_Usage CONFIG.c_optimization Speed_Optimized CONFIG.c_rate 1 CONFIG.c_result_exponent_width 8 CONFIG.c_result_fraction_width 24 CONFIG.component_name SgdLR_sw_ap_fdiv_14_no_dsp_32 CONFIG.flow_control NonBlocking CONFIG.has_a_tlast false CONFIG.has_a_tuser false CONFIG.has_aclken true CONFIG.has_aresetn false CONFIG.has_b_tlast false CONFIG.has_b_tuser false CONFIG.has_operation_tlast false CONFIG.has_operation_tuser false CONFIG.has_result_tready false CONFIG.maximum_latency false CONFIG.operation_tuser_width 1 CONFIG.operation_type Divide CONFIG.result_precision_type Single CONFIG.result_tlast_behv Null"
      },
      {
        "name": "SgdLR_sw_ap_fexp_7_full_dsp_32",
        "vlnv": "xilinx.com:ip:floating_point:7.1",
        "params": "CONFIG.a_precision_type Single CONFIG.a_tuser_width 1 CONFIG.add_sub_value Both CONFIG.b_tuser_width 1 CONFIG.c_a_exponent_width 8 CONFIG.c_a_fraction_width 24 CONFIG.c_compare_operation Programmable CONFIG.c_has_divide_by_zero false CONFIG.c_has_invalid_op false CONFIG.c_has_overflow false CONFIG.c_has_underflow false CONFIG.c_latency 7 CONFIG.c_mult_usage Full_Usage CONFIG.c_optimization Speed_Optimized CONFIG.c_rate 1 CONFIG.c_result_exponent_width 8 CONFIG.c_result_fraction_width 24 CONFIG.component_name SgdLR_sw_ap_fexp_7_full_dsp_32 CONFIG.flow_control NonBlocking CONFIG.has_a_tlast false CONFIG.has_a_tuser false CONFIG.has_aclken true CONFIG.has_aresetn false CONFIG.has_b_tlast false CONFIG.has_b_tuser false CONFIG.has_operation_tlast false CONFIG.has_operation_tuser false CONFIG.has_result_tready false CONFIG.maximum_latency false CONFIG.operation_tuser_width 1 CONFIG.operation_type Exponential CONFIG.result_precision_type Single CONFIG.result_tlast_behv Null"
      },
      {
        "name": "SgdLR_sw_ap_fpext_0_no_dsp_32",
        "vlnv": "xilinx.com:ip:floating_point:7.1",
        "params": "CONFIG.a_precision_type Single CONFIG.a_tuser_width 1 CONFIG.add_sub_value Both CONFIG.b_tuser_width 1 CONFIG.c_a_exponent_width 8 CONFIG.c_a_fraction_width 24 CONFIG.c_compare_operation Programmable CONFIG.c_has_divide_by_zero false CONFIG.c_has_invalid_op false CONFIG.c_has_overflow false CONFIG.c_has_underflow false CONFIG.c_latency 0 CONFIG.c_mult_usage No_Usage CONFIG.c_optimization Speed_Optimized CONFIG.c_rate 1 CONFIG.c_result_exponent_width 11 CONFIG.c_result_fraction_width 53 CONFIG.component_name SgdLR_sw_ap_fpext_0_no_dsp_32 CONFIG.flow_control NonBlocking CONFIG.has_a_tlast false CONFIG.has_a_tuser false CONFIG.has_aclken false CONFIG.has_aresetn false CONFIG.has_b_tlast false CONFIG.has_b_tuser false CONFIG.has_operation_tlast false CONFIG.has_operation_tuser false CONFIG.has_result_tready false CONFIG.maximum_latency false CONFIG.operation_tuser_width 1 CONFIG.operation_type Float_to_Float CONFIG.result_precision_type Double CONFIG.result_tlast_behv Null"
      }
    ]
  },
  "Interfaces": {
    "ap_clk": {
      "type": "clock",
      "ctype": {"CLK": {"Type": "bool"}},
      "bundle_name": "ap_clk",
      "bundle_role": "default",
      "reset": "ap_rst"
    },
    "ap_ctrl": {
      "type": "ap_ctrl",
      "ctrl_ports": "ap_start ap_done ap_idle ap_ready",
      "ctype": {
        "start": {"Type": "bool"},
        "done": {"Type": "bool"},
        "idle": {"Type": "bool"},
        "ready": {"Type": "bool"}
      }
    },
    "ap_rst": {
      "type": "reset",
      "polarity": "ACTIVE_HIGH",
      "ctype": {"RST": {"Type": "bool"}},
      "bundle_name": "ap_rst",
      "bundle_role": "default"
    },
    "data_V_address0": {
      "type": "data",
      "dir": "out",
      "width": "23",
      "ctype": {"DATA": {
          "Type": "null",
          "Width": "23"
        }},
      "bundle_name": "data_V",
      "bundle_role": "address0"
    },
    "data_V_q0": {
      "type": "data",
      "dir": "in",
      "width": "16",
      "ctype": {"DATA": {
          "Type": "real fixed signed 12",
          "Width": "16"
        }},
      "bundle_name": "data_V",
      "bundle_role": "q0"
    },
    "label_V_address0": {
      "type": "data",
      "dir": "out",
      "width": "13",
      "ctype": {"DATA": {
          "Type": "null",
          "Width": "13"
        }},
      "bundle_name": "label_V",
      "bundle_role": "address0"
    },
    "label_V_q0": {
      "type": "data",
      "dir": "in",
      "width": "8",
      "ctype": {"DATA": {
          "Type": "integer unsigned",
          "Width": "8"
        }},
      "bundle_name": "label_V",
      "bundle_role": "q0"
    },
    "theta_V_address0": {
      "type": "data",
      "dir": "out",
      "width": "10",
      "ctype": {"DATA": {
          "Type": "null",
          "Width": "10"
        }},
      "bundle_name": "theta_V",
      "bundle_role": "address0"
    },
    "theta_V_address1": {
      "type": "data",
      "dir": "out",
      "width": "10",
      "ctype": {"DATA": {
          "Type": "null",
          "Width": "10"
        }},
      "bundle_name": "theta_V",
      "bundle_role": "address1"
    },
    "theta_V_d1": {
      "type": "data",
      "dir": "out",
      "width": "32",
      "ctype": {"DATA": {
          "Type": "real fixed signed 19",
          "Width": "32"
        }},
      "bundle_name": "theta_V",
      "bundle_role": "d1"
    },
    "theta_V_q0": {
      "type": "data",
      "dir": "in",
      "width": "32",
      "ctype": {"DATA": {
          "Type": "real fixed signed 19",
          "Width": "32"
        }},
      "bundle_name": "theta_V",
      "bundle_role": "q0"
    }
  },
  "RtlPorts": {
    "ap_clk": {
      "dir": "in",
      "width": "1"
    },
    "ap_rst": {
      "dir": "in",
      "width": "1"
    },
    "ap_start": {
      "dir": "in",
      "width": "1"
    },
    "ap_done": {
      "dir": "out",
      "width": "1"
    },
    "ap_idle": {
      "dir": "out",
      "width": "1"
    },
    "ap_ready": {
      "dir": "out",
      "width": "1"
    },
    "data_V_address0": {
      "dir": "out",
      "width": "23"
    },
    "data_V_ce0": {
      "dir": "out",
      "width": "1"
    },
    "data_V_q0": {
      "dir": "in",
      "width": "16"
    },
    "label_V_address0": {
      "dir": "out",
      "width": "13"
    },
    "label_V_ce0": {
      "dir": "out",
      "width": "1"
    },
    "label_V_q0": {
      "dir": "in",
      "width": "8"
    },
    "theta_V_address0": {
      "dir": "out",
      "width": "10"
    },
    "theta_V_ce0": {
      "dir": "out",
      "width": "1"
    },
    "theta_V_q0": {
      "dir": "in",
      "width": "32"
    },
    "theta_V_address1": {
      "dir": "out",
      "width": "10"
    },
    "theta_V_ce1": {
      "dir": "out",
      "width": "1"
    },
    "theta_V_we1": {
      "dir": "out",
      "width": "1"
    },
    "theta_V_d1": {
      "dir": "out",
      "width": "32"
    }
  },
  "ModuleInfo": {
    "Hierarchy": {"ModuleName": "SgdLR_sw"},
    "Info": {"SgdLR_sw": {
        "FunctionProtocol": "ap_ctrl_hs",
        "isTaskLevelControl": "1",
        "isPipelined": "0",
        "isCombinational": "0",
        "isOneStateSeq": "0"
      }},
    "Metrics": {"SgdLR_sw": {
        "Latency": {
          "LatencyBest": "70335001",
          "LatencyAvg": "70335001",
          "LatencyWorst": "70335001",
          "PipelineII": "70335002",
          "PipelineDepth": "",
          "PipelineType": "none"
        },
        "Timing": {
          "Target": "10.00",
          "Uncertainty": "1.25",
          "Estimate": "8.670"
        },
        "Loops": [{
            "Name": "EPOCH_TRAINING_INST",
            "TripCount": "22500",
            "Latency": "70335000",
            "PipelineII": "",
            "PipelineDepth": "3126",
            "Loops": [
              {
                "Name": "DOT",
                "TripCount": "1024",
                "Latency": "1028",
                "PipelineII": "1",
                "PipelineDepth": "6"
              },
              {
                "Name": "GRAD",
                "TripCount": "1024",
                "Latency": "1028",
                "PipelineII": "1",
                "PipelineDepth": "6"
              },
              {
                "Name": "UPDATE",
                "TripCount": "1024",
                "Latency": "1026",
                "PipelineII": "1",
                "PipelineDepth": "4"
              }
            ]
          }],
        "Area": {
          "BRAM_18K": "2",
          "DSP48E": "17",
          "FF": "2677",
          "LUT": "4956",
          "URAM": "0"
        }
      }}
  },
  "Sdx": {
    "Target": "none",
    "ProfileOption": "0",
    "ProfileType": "none",
    "XO": "",
    "KernelName": "SgdLR_sw",
    "EnableXoSwEmu": "1"
  },
  "GenData": {
    "DataVersion": "0.2",
    "Time": "2021-04-11 22:37:15 +0530",
    "ToolName": "vivado_hls",
    "ToolVersion": "2019.1"
  }
}
