<?xml version="1.0" encoding="UTF-8"?>
<vivadoHLSLog:LogRoot xmlns:vivadoHLSLog="www.xilinx.com/vivadoHLSLog">
  <errorLogs>
    <logs>
      <synLog/>
      <simLog/>
      <mgLog/>
      <packageLog/>
      <csimLog/>
    </logs>
  </errorLogs>
  <warningLogs>
    <logs>
      <synLog>
        <logs message="WARNING: [XFORM 203-542] Cannot flatten a loop nest 'TRAINING_INST' (spam-filter/src/sw/sgd_sw.cpp:111:6) in function 'SgdLR_sw' : &#xD;&#xA;&#xD;&#xA;more than one sub loop." projectName="spam" solutionName="solution1" date="2021-04-11T22:37:13.135+0530" type="Warning"/>
        <logs message="WARNING: [SYNCHK 200-23] spam-filter/src/sw/sgd_sw.cpp:42: variable-indexed range selection may cause suboptimal QoR." projectName="spam" solutionName="solution1" date="2021-04-11T22:37:12.608+0530" type="Warning"/>
      </synLog>
      <simLog/>
      <mgLog/>
      <packageLog/>
      <csimLog/>
    </logs>
  </warningLogs>
</vivadoHLSLog:LogRoot>
