<?xml version="1.0" encoding="utf-8"?>
<Messages>
	<Message severity="INFO" prefix="[SCHED 204-61]" key="SCHED_PIPELINING_STATUS_631" tag="SCHEDULE" content="Option &apos;relax_ii_for_timing&apos; is enabled, will increase II to preserve clock frequency constraints."/>
	<Message severity="INFO" prefix="[HLS 200-10]" key="HLS_10_1312" tag="" content="Analyzing design file &apos;spam-filter/src/sw/sgd_sw.cpp&apos; ..."/>
	<Message severity="INFO" prefix="[HLS 200-111]" key="HLS_111_965" tag="" content="Finished Linking Time (s): cpu = 00:00:01 ; elapsed = 00:00:16 . Memory (MB): peak = 175.824 ; gain = 84.379"/>
	<Message severity="INFO" prefix="[HLS 200-111]" key="HLS_111_965" tag="" content="Finished Checking Pragmas Time (s): cpu = 00:00:01 ; elapsed = 00:00:16 . Memory (MB): peak = 175.824 ; gain = 84.379"/>
	<Message severity="INFO" prefix="[HLS 200-10]" key="HLS_10_1467" tag="" content="Starting code transformations ..."/>
	<Message severity="INFO" prefix="[HLS 200-111]" key="HLS_111_965" tag="" content="Finished Standard Transforms Time (s): cpu = 00:00:01 ; elapsed = 00:00:17 . Memory (MB): peak = 175.824 ; gain = 84.379"/>
	<Message severity="INFO" prefix="[HLS 200-10]" key="HLS_10_1472" tag="" content="Checking synthesizability ..."/>
	<Message severity="INFO" prefix="[XFORM 203-602]" key="XFORM_AUTO_INLINE_STATUS_223" tag="" content="Inlining function &apos;dotProduct&apos; into &apos;SgdLR_sw&apos; (spam-filter/src/sw/sgd_sw.cpp:113) automatically."/>
	<Message severity="INFO" prefix="[XFORM 203-602]" key="XFORM_AUTO_INLINE_STATUS_223" tag="" content="Inlining function &apos;computeGradient&apos; into &apos;SgdLR_sw&apos; (spam-filter/src/sw/sgd_sw.cpp:117) automatically."/>
	<Message severity="INFO" prefix="[XFORM 203-602]" key="XFORM_AUTO_INLINE_STATUS_223" tag="" content="Inlining function &apos;updateParameter&apos; into &apos;SgdLR_sw&apos; (spam-filter/src/sw/sgd_sw.cpp:119) automatically."/>
	<Message severity="WARNING" prefix="[SYNCHK 200-23]" key="SYNCHK_VAR_INDEX_RANGE_359" tag="" content="spam-filter/src/sw/sgd_sw.cpp:42: variable-indexed range selection may cause suboptimal QoR."/>
	<Message severity="INFO" prefix="[SYNCHK 200-10]" key="SYNCHK_SYNCHK_SUMMARY_377" tag="" content="0 error(s), 1 warning(s)."/>
	<Message severity="INFO" prefix="[HLS 200-111]" key="HLS_111_965" tag="" content="Finished Checking Synthesizability Time (s): cpu = 00:00:01 ; elapsed = 00:00:17 . Memory (MB): peak = 175.824 ; gain = 84.379"/>
	<Message severity="INFO" prefix="[XFORM 203-602]" key="XFORM_AUTO_INLINE_STATUS_223" tag="" content="Inlining function &apos;dotProduct&apos; into &apos;SgdLR_sw&apos; (spam-filter/src/sw/sgd_sw.cpp:113) automatically."/>
	<Message severity="INFO" prefix="[XFORM 203-602]" key="XFORM_AUTO_INLINE_STATUS_223" tag="" content="Inlining function &apos;computeGradient&apos; into &apos;SgdLR_sw&apos; (spam-filter/src/sw/sgd_sw.cpp:117) automatically."/>
	<Message severity="INFO" prefix="[XFORM 203-602]" key="XFORM_AUTO_INLINE_STATUS_223" tag="" content="Inlining function &apos;updateParameter&apos; into &apos;SgdLR_sw&apos; (spam-filter/src/sw/sgd_sw.cpp:119) automatically."/>
	<Message severity="INFO" prefix="[XFORM 203-401]" key="XFORM_IFCONV_STATUS_239" tag="" content="Performing if-conversion on hyperblock from (spam-filter/src/sw/sgd_sw.cpp:42:30) to (spam-filter/src/sw/sgd_sw.cpp:42:30) in function &apos;Sigmoid&apos;... converting 19 basic blocks."/>
	<Message severity="INFO" prefix="[XFORM 203-602]" key="XFORM_AUTO_INLINE_STATUS_223" tag="" content="Inlining function &apos;Sigmoid&apos; into &apos;SgdLR_sw&apos; (spam-filter/src/sw/sgd_sw.cpp:115) automatically."/>
	<Message severity="INFO" prefix="[HLS 200-111]" key="HLS_111_965" tag="" content="Finished Pre-synthesis Time (s): cpu = 00:00:02 ; elapsed = 00:00:18 . Memory (MB): peak = 179.629 ; gain = 88.184"/>
	<Message severity="WARNING" prefix="[XFORM 203-542]" key="XFORM_LOOPFLAT_INVALID_219" tag="LOOP,SDX_LOOP" content="Cannot flatten a loop nest &apos;TRAINING_INST&apos; (spam-filter/src/sw/sgd_sw.cpp:111:6) in function &apos;SgdLR_sw&apos; : 

more than one sub loop."/>
	<Message severity="INFO" prefix="[XFORM 203-541]" key="XFORM_LOOPFLAT_STATUS_218" tag="" content="Flattening a loop nest &apos;EPOCH&apos; (spam-filter/src/sw/sgd_sw.cpp:108:4) in function &apos;SgdLR_sw&apos;."/>
	<Message severity="INFO" prefix="[HLS 200-111]" key="HLS_111_965" tag="" content="Finished Architecture Synthesis Time (s): cpu = 00:00:02 ; elapsed = 00:00:18 . Memory (MB): peak = 181.547 ; gain = 90.102"/>
	<Message severity="INFO" prefix="[HLS 200-10]" key="HLS_10_1317" tag="" content="Starting hardware synthesis ..."/>
	<Message severity="INFO" prefix="[HLS 200-10]" key="HLS_10_1385" tag="" content="Synthesizing &apos;SgdLR_sw&apos; ..."/>
	<Message severity="INFO" prefix="[HLS 200-10]" key="HLS_10_1477" tag="" content="----------------------------------------------------------------"/>
	<Message severity="INFO" prefix="[HLS 200-42]" key="HLS_42_1438" tag="" content="-- Implementing module &apos;SgdLR_sw&apos;"/>
	<Message severity="INFO" prefix="[HLS 200-10]" key="HLS_10_1478" tag="" content="----------------------------------------------------------------"/>
	<Message severity="INFO" prefix="[SCHED 204-11]" key="SCHED_SCHED_STATUS_597" tag="" content="Starting scheduling ..."/>
	<Message severity="INFO" prefix="[SCHED 204-61]" key="SCHED_PIPELINING_STATUS_41" tag="" content="Pipelining loop &apos;DOT&apos;."/>
	<Message severity="INFO" prefix="[SCHED 204-61]" key="SCHED_PIPELINING_STATUS_44" tag="" content="Pipelining result : Target II = 1, Final II = 1, Depth = 6."/>
	<Message severity="INFO" prefix="[SCHED 204-61]" key="SCHED_PIPELINING_STATUS_41" tag="" content="Pipelining loop &apos;GRAD&apos;."/>
	<Message severity="INFO" prefix="[SCHED 204-61]" key="SCHED_PIPELINING_STATUS_44" tag="" content="Pipelining result : Target II = 1, Final II = 1, Depth = 6."/>
	<Message severity="INFO" prefix="[SCHED 204-61]" key="SCHED_PIPELINING_STATUS_41" tag="" content="Pipelining loop &apos;UPDATE&apos;."/>
	<Message severity="INFO" prefix="[SCHED 204-61]" key="SCHED_PIPELINING_STATUS_44" tag="" content="Pipelining result : Target II = 1, Final II = 1, Depth = 4."/>
	<Message severity="INFO" prefix="[SCHED 204-11]" key="SCHED_SCHED_STATUS_596" tag="" content="Finished scheduling."/>
	<Message severity="INFO" prefix="[HLS 200-111]" key="HLS_111_966" tag="" content=" Elapsed time: 18.272 seconds; current allocated memory: 123.736 MB."/>
	<Message severity="INFO" prefix="[HLS 200-434]" key="HLS 200-434" tag="SDX" content="Only 3 loops out of a total 4 loops have been pipelined in this design."/>
	<Message severity="INFO" prefix="[BIND 205-100]" key="BIND_100_926" tag="" content="Starting micro-architecture generation ..."/>
	<Message severity="INFO" prefix="[BIND 205-101]" key="BIND_101_698" tag="" content="Performing variable lifetime analysis."/>
	<Message severity="INFO" prefix="[BIND 205-101]" key="BIND_101_697" tag="" content="Exploring resource sharing."/>
	<Message severity="INFO" prefix="[BIND 205-101]" key="BIND_101_693" tag="" content="Binding ..."/>
	<Message severity="INFO" prefix="[BIND 205-100]" key="BIND_100_925" tag="" content="Finished micro-architecture generation."/>
	<Message severity="INFO" prefix="[HLS 200-111]" key="HLS_111_966" tag="" content=" Elapsed time: 0.19 seconds; current allocated memory: 124.654 MB."/>
	<Message severity="INFO" prefix="[HLS 200-10]" key="HLS_10_1483" tag="" content="----------------------------------------------------------------"/>
	<Message severity="INFO" prefix="[HLS 200-10]" key="HLS_10_1484" tag="" content="-- Generating RTL for module &apos;SgdLR_sw&apos;"/>
	<Message severity="INFO" prefix="[HLS 200-10]" key="HLS_10_1485" tag="" content="----------------------------------------------------------------"/>
	<Message severity="INFO" prefix="[RTGEN 206-500]" key="PREPROC_IO_COMP_CONFLICT_1950" tag="" content="Setting interface mode on port &apos;SgdLR_sw/data_V&apos; to &apos;ap_memory&apos;."/>
	<Message severity="INFO" prefix="[RTGEN 206-500]" key="PREPROC_IO_COMP_CONFLICT_1950" tag="" content="Setting interface mode on port &apos;SgdLR_sw/label_V&apos; to &apos;ap_memory&apos;."/>
	<Message severity="INFO" prefix="[RTGEN 206-500]" key="PREPROC_IO_COMP_CONFLICT_1950" tag="" content="Setting interface mode on port &apos;SgdLR_sw/theta_V&apos; to &apos;ap_memory&apos;."/>
	<Message severity="INFO" prefix="[RTGEN 206-500]" key="PREPROC_IO_COMP_CONFLICT_1950" tag="" content="Setting interface mode on function &apos;SgdLR_sw&apos; to &apos;ap_ctrl_hs&apos;."/>
	<Message severity="INFO" prefix="[SYN 201-210]" key="SYN_210_889" tag="" content="Renamed object name &apos;SgdLR_sw_fadd_32ns_32ns_32_5_full_dsp_1&apos; to &apos;SgdLR_sw_fadd_32nbkb&apos; due to the length limit 20"/>
	<Message severity="INFO" prefix="[SYN 201-210]" key="SYN_210_889" tag="" content="Renamed object name &apos;SgdLR_sw_fdiv_32ns_32ns_32_16_1&apos; to &apos;SgdLR_sw_fdiv_32ncud&apos; due to the length limit 20"/>
	<Message severity="INFO" prefix="[SYN 201-210]" key="SYN_210_889" tag="" content="Renamed object name &apos;SgdLR_sw_fpext_32ns_64_2_1&apos; to &apos;SgdLR_sw_fpext_32dEe&apos; due to the length limit 20"/>
	<Message severity="INFO" prefix="[SYN 201-210]" key="SYN_210_889" tag="" content="Renamed object name &apos;SgdLR_sw_fexp_32ns_32ns_32_9_full_dsp_1&apos; to &apos;SgdLR_sw_fexp_32neOg&apos; due to the length limit 20"/>
	<Message severity="INFO" prefix="[RTGEN 206-100]" key="RTGEN_100_855" tag="" content="Generating core module &apos;SgdLR_sw_fadd_32nbkb&apos;: 1 instance(s)."/>
	<Message severity="INFO" prefix="[RTGEN 206-100]" key="RTGEN_100_855" tag="" content="Generating core module &apos;SgdLR_sw_fdiv_32ncud&apos;: 1 instance(s)."/>
	<Message severity="INFO" prefix="[RTGEN 206-100]" key="RTGEN_100_855" tag="" content="Generating core module &apos;SgdLR_sw_fexp_32neOg&apos;: 1 instance(s)."/>
	<Message severity="INFO" prefix="[RTGEN 206-100]" key="RTGEN_100_855" tag="" content="Generating core module &apos;SgdLR_sw_fpext_32dEe&apos;: 1 instance(s)."/>
	<Message severity="INFO" prefix="[RTGEN 206-100]" key="RTGEN_100_856" tag="" content="Finished creating RTL model for &apos;SgdLR_sw&apos;."/>
	<Message severity="INFO" prefix="[HLS 200-111]" key="HLS_111_966" tag="" content=" Elapsed time: 0.354 seconds; current allocated memory: 126.359 MB."/>
	<Message severity="INFO" prefix="[RTMG 210-278]" key="RTMG_278_1790" tag="" content="Implementing memory &apos;SgdLR_sw_gradient_V_ram (RAM)&apos; using block RAMs."/>
	<Message severity="INFO" prefix="[HLS 200-111]" key="HLS_111_965" tag="" content="Finished generating all RTL models Time (s): cpu = 00:00:03 ; elapsed = 00:00:21 . Memory (MB): peak = 198.941 ; gain = 107.496"/>
	<Message severity="INFO" prefix="[VHDL 208-304]" key="VHDL_304_1066" tag="" content="Generating VHDL RTL for SgdLR_sw."/>
	<Message severity="INFO" prefix="[VLOG 209-307]" key="VLOG_307_1067" tag="" content="Generating Verilog RTL for SgdLR_sw."/>
</Messages>
