<annotationInfo>
<annotationInfo>
<item  id="8" filename="spam-filter/src/sw/sgd_sw.cpp" linenumber="103" name="gradient_V" contextFuncName="SgdLR_sw" moduleName="SgdLR_sw" rtlName="gradient_V_U" latency="0" BRAM="-1" DSP="-1" FF="-1" LUT="-1" fileDirectory="F:\vlsi"><\/item>
<item  id="13" filename="spam-filter/src/sw/sgd_sw.cpp" linenumber="107" name="icmp_ln107" contextFuncName="SgdLR_sw" moduleName="SgdLR_sw" rtlName="icmp_ln107_fu_358_p2" latency="0" BRAM="-1" DSP="-1" FF="0" LUT="13" fileDirectory="F:\vlsi"><\/item>
<item  id="14" filename="spam-filter/src/sw/sgd_sw.cpp" linenumber="107" name="add_ln107" contextFuncName="SgdLR_sw" moduleName="SgdLR_sw" rtlName="add_ln107_fu_364_p2" latency="0" BRAM="-1" DSP="-1" FF="0" LUT="21" fileDirectory="F:\vlsi"><\/item>
<item  id="19" filename="spam-filter/src/sw/sgd_sw.cpp" linenumber="110" name="icmp_ln110" contextFuncName="SgdLR_sw" moduleName="SgdLR_sw" rtlName="icmp_ln110_fu_370_p2" latency="0" BRAM="-1" DSP="-1" FF="0" LUT="13" fileDirectory="F:\vlsi"><\/item>
<item  id="20" filename="spam-filter/src/sw/sgd_sw.cpp" linenumber="110" name="select_ln110" contextFuncName="SgdLR_sw" moduleName="SgdLR_sw" rtlName="select_ln110_fu_376_p3" latency="0" BRAM="-1" DSP="-1" FF="0" LUT="13" fileDirectory="F:\vlsi"><\/item>
<item  id="22" filename="spam-filter/src/sw/sgd_sw.cpp" linenumber="113" name="shl_ln" contextFuncName="SgdLR_sw" moduleName="SgdLR_sw" rtlName="shl_ln_fu_384_p3" latency="0" BRAM="-1" DSP="-1" FF="-1" LUT="-1" fileDirectory="F:\vlsi"><\/item>
<item  id="27" filename="spam-filter/src/sw/sgd_sw.cpp" linenumber="21" name="icmp_ln21" contextFuncName="dotProduct" moduleName="SgdLR_sw" rtlName="icmp_ln21_fu_392_p2" latency="0" BRAM="-1" DSP="-1" FF="0" LUT="13" fileDirectory="F:\vlsi"><\/item>
<item  id="29" filename="spam-filter/src/sw/sgd_sw.cpp" linenumber="21" name="i" contextFuncName="dotProduct" moduleName="SgdLR_sw" rtlName="i_fu_398_p2" latency="0" BRAM="-1" DSP="-1" FF="0" LUT="13" fileDirectory="F:\vlsi"><\/item>
<item  id="35" filename="spam-filter/src/sw/sgd_sw.cpp" linenumber="25" name="zext_ln25" contextFuncName="dotProduct" moduleName="SgdLR_sw" rtlName="zext_ln25_fu_418_p1" latency="0" BRAM="-1" DSP="-1" FF="-1" LUT="-1" fileDirectory="F:\vlsi"><\/item>
<item  id="36" filename="spam-filter/src/sw/sgd_sw.cpp" linenumber="25" name="zext_ln1116" contextFuncName="dotProduct" moduleName="SgdLR_sw" rtlName="zext_ln1116_fu_404_p1" latency="0" BRAM="-1" DSP="-1" FF="-1" LUT="-1" fileDirectory="F:\vlsi"><\/item>
<item  id="40" filename="spam-filter/src/sw/sgd_sw.cpp" linenumber="25" name="add_ln1117" contextFuncName="dotProduct" moduleName="SgdLR_sw" rtlName="add_ln1117_fu_408_p2" latency="0" BRAM="-1" DSP="-1" FF="0" LUT="30" fileDirectory="F:\vlsi"><\/item>
<item  id="41" filename="spam-filter/src/sw/sgd_sw.cpp" linenumber="25" name="zext_ln1117" contextFuncName="dotProduct" moduleName="SgdLR_sw" rtlName="zext_ln1117_fu_413_p1" latency="0" BRAM="-1" DSP="-1" FF="-1" LUT="-1" fileDirectory="F:\vlsi"><\/item>
<item  id="45" filename="spam-filter/src/sw/sgd_sw.cpp" linenumber="25" name="mul_ln1192" contextFuncName="dotProduct" moduleName="SgdLR_sw" rtlName="mul_ln1192_fu_431_p2" latency="0" BRAM="-1" DSP="2" FF="0" LUT="20" fileDirectory="F:\vlsi"><\/item>
<item  id="46" filename="spam-filter/src/sw/sgd_sw.cpp" linenumber="25" name="lhs_V" contextFuncName="dotProduct" moduleName="SgdLR_sw" rtlName="lhs_V_fu_437_p3" latency="0" BRAM="-1" DSP="-1" FF="-1" LUT="-1" fileDirectory="F:\vlsi"><\/item>
<item  id="47" filename="spam-filter/src/sw/sgd_sw.cpp" linenumber="25" name="ret_V" contextFuncName="dotProduct" moduleName="SgdLR_sw" rtlName="ret_V_fu_445_p2" latency="0" BRAM="-1" DSP="-1" FF="0" LUT="51" fileDirectory="F:\vlsi"><\/item>
<item  id="48" filename="spam-filter/src/sw/sgd_sw.cpp" linenumber="25" name="result_V" contextFuncName="dotProduct" moduleName="SgdLR_sw" rtlName="p_Val2_s_reg_285" latency="0" BRAM="-1" DSP="-1" FF="-1" LUT="-1" fileDirectory="F:\vlsi"><\/item>
<item  id="52" filename="spam-filter/src/sw/sgd_sw.cpp" linenumber="42" name="sub_ln1253" contextFuncName="Sigmoid" moduleName="SgdLR_sw" rtlName="sub_ln1253_fu_460_p2" latency="0" BRAM="-1" DSP="-1" FF="0" LUT="39" fileDirectory="F:\vlsi"><\/item>
<item  id="53" filename="spam-filter/src/sw/sgd_sw.cpp" linenumber="42" name="icmp_ln935" contextFuncName="Sigmoid" moduleName="SgdLR_sw" rtlName="icmp_ln935_fu_679_p2" latency="0" BRAM="-1" DSP="-1" FF="0" LUT="18" fileDirectory="F:\vlsi"><\/item>
<item  id="54" filename="spam-filter/src/sw/sgd_sw.cpp" linenumber="42" name="p_Result_8" contextFuncName="Sigmoid" moduleName="SgdLR_sw" rtlName="p_Result_8_fu_466_p2" latency="0" BRAM="-1" DSP="-1" FF="0" LUT="18" fileDirectory="F:\vlsi"><\/item>
<item  id="55" filename="spam-filter/src/sw/sgd_sw.cpp" linenumber="42" name="tmp_V" contextFuncName="Sigmoid" moduleName="SgdLR_sw" rtlName="tmp_V_fu_472_p3" latency="0" BRAM="-1" DSP="-1" FF="0" LUT="32" fileDirectory="F:\vlsi"><\/item>
<item  id="56" filename="spam-filter/src/sw/sgd_sw.cpp" linenumber="42" name="zext_ln938" contextFuncName="Sigmoid" moduleName="SgdLR_sw" rtlName="zext_ln938_fu_480_p1" latency="0" BRAM="-1" DSP="-1" FF="-1" LUT="-1" fileDirectory="F:\vlsi"><\/item>
<item  id="57" filename="spam-filter/src/sw/sgd_sw.cpp" linenumber="42" name="p_Result_s" contextFuncName="Sigmoid" moduleName="SgdLR_sw" rtlName="p_Result_s_fu_484_p4" latency="0" BRAM="-1" DSP="-1" FF="-1" LUT="-1" fileDirectory="F:\vlsi"><\/item>
<item  id="58" filename="spam-filter/src/sw/sgd_sw.cpp" linenumber="42" name="p_Result_9" contextFuncName="Sigmoid" moduleName="SgdLR_sw" rtlName="p_Result_9_fu_494_p3" latency="0" BRAM="-1" DSP="-1" FF="-1" LUT="-1" fileDirectory="F:\vlsi"><\/item>
<item  id="59" filename="spam-filter/src/sw/sgd_sw.cpp" linenumber="42" name="tmp_i3" contextFuncName="Sigmoid" moduleName="SgdLR_sw" rtlName="tmp_i3_fu_502_p3" latency="0" BRAM="-1" DSP="-1" FF="73" LUT="71" fileDirectory="F:\vlsi"><\/item>
<item  id="60" filename="spam-filter/src/sw/sgd_sw.cpp" linenumber="42" name="l" contextFuncName="Sigmoid" moduleName="SgdLR_sw" rtlName="l_fu_510_p1" latency="0" BRAM="-1" DSP="-1" FF="-1" LUT="-1" fileDirectory="F:\vlsi"><\/item>
<item  id="61" filename="spam-filter/src/sw/sgd_sw.cpp" linenumber="42" name="sub_ln944" contextFuncName="Sigmoid" moduleName="SgdLR_sw" rtlName="sub_ln944_fu_518_p2" latency="0" BRAM="-1" DSP="-1" FF="0" LUT="39" fileDirectory="F:\vlsi"><\/item>
<item  id="62" filename="spam-filter/src/sw/sgd_sw.cpp" linenumber="42" name="lsb_index" contextFuncName="Sigmoid" moduleName="SgdLR_sw" rtlName="lsb_index_fu_523_p2" latency="0" BRAM="-1" DSP="-1" FF="0" LUT="39" fileDirectory="F:\vlsi"><\/item>
<item  id="63" filename="spam-filter/src/sw/sgd_sw.cpp" linenumber="42" name="tmp" contextFuncName="Sigmoid" moduleName="SgdLR_sw" rtlName="tmp_fu_529_p4" latency="0" BRAM="-1" DSP="-1" FF="-1" LUT="-1" fileDirectory="F:\vlsi"><\/item>
<item  id="64" filename="spam-filter/src/sw/sgd_sw.cpp" linenumber="42" name="icmp_ln947" contextFuncName="Sigmoid" moduleName="SgdLR_sw" rtlName="icmp_ln947_fu_539_p2" latency="0" BRAM="-1" DSP="-1" FF="0" LUT="18" fileDirectory="F:\vlsi"><\/item>
<item  id="65" filename="spam-filter/src/sw/sgd_sw.cpp" linenumber="42" name="trunc_ln947" contextFuncName="Sigmoid" moduleName="SgdLR_sw" rtlName="trunc_ln947_fu_545_p1" latency="0" BRAM="-1" DSP="-1" FF="-1" LUT="-1" fileDirectory="F:\vlsi"><\/item>
<item  id="66" filename="spam-filter/src/sw/sgd_sw.cpp" linenumber="42" name="sub_ln947" contextFuncName="Sigmoid" moduleName="SgdLR_sw" rtlName="sub_ln947_fu_549_p2" latency="0" BRAM="-1" DSP="-1" FF="0" LUT="15" fileDirectory="F:\vlsi"><\/item>
<item  id="67" filename="spam-filter/src/sw/sgd_sw.cpp" linenumber="42" name="zext_ln947" contextFuncName="Sigmoid" moduleName="SgdLR_sw" rtlName="zext_ln947_fu_555_p1" latency="0" BRAM="-1" DSP="-1" FF="-1" LUT="-1" fileDirectory="F:\vlsi"><\/item>
<item  id="68" filename="spam-filter/src/sw/sgd_sw.cpp" linenumber="42" name="lshr_ln947" contextFuncName="Sigmoid" moduleName="SgdLR_sw" rtlName="lshr_ln947_fu_559_p2" latency="0" BRAM="-1" DSP="-1" FF="0" LUT="105" fileDirectory="F:\vlsi"><\/item>
<item  id="69" filename="spam-filter/src/sw/sgd_sw.cpp" linenumber="42" name="p_Result_4" contextFuncName="Sigmoid" moduleName="SgdLR_sw" rtlName="p_Result_4_fu_565_p2" latency="0" BRAM="-1" DSP="-1" FF="0" LUT="33" fileDirectory="F:\vlsi"><\/item>
<item  id="70" filename="spam-filter/src/sw/sgd_sw.cpp" linenumber="42" name="icmp_ln947_1" contextFuncName="Sigmoid" moduleName="SgdLR_sw" rtlName="icmp_ln947_1_fu_570_p2" latency="0" BRAM="-1" DSP="-1" FF="0" LUT="21" fileDirectory="F:\vlsi"><\/item>
<item  id="71" filename="spam-filter/src/sw/sgd_sw.cpp" linenumber="42" name="a" contextFuncName="Sigmoid" moduleName="SgdLR_sw" rtlName="a_fu_576_p2" latency="0" BRAM="-1" DSP="-1" FF="0" LUT="2" fileDirectory="F:\vlsi"><\/item>
<item  id="72" filename="spam-filter/src/sw/sgd_sw.cpp" linenumber="42" name="tmp_1" contextFuncName="Sigmoid" moduleName="SgdLR_sw" rtlName="tmp_1_fu_582_p3" latency="0" BRAM="-1" DSP="-1" FF="-1" LUT="-1" fileDirectory="F:\vlsi"><\/item>
<item  id="73" filename="spam-filter/src/sw/sgd_sw.cpp" linenumber="42" name="xor_ln949" contextFuncName="Sigmoid" moduleName="SgdLR_sw" rtlName="xor_ln949_fu_590_p2" latency="0" BRAM="-1" DSP="-1" FF="0" LUT="2" fileDirectory="F:\vlsi"><\/item>
<item  id="74" filename="spam-filter/src/sw/sgd_sw.cpp" linenumber="42" name="p_Result_3" contextFuncName="Sigmoid" moduleName="SgdLR_sw" rtlName="p_Result_3_fu_596_p3" latency="0" BRAM="-1" DSP="-1" FF="-1" LUT="-1" fileDirectory="F:\vlsi"><\/item>
<item  id="75" filename="spam-filter/src/sw/sgd_sw.cpp" linenumber="42" name="and_ln949" contextFuncName="Sigmoid" moduleName="SgdLR_sw" rtlName="and_ln949_fu_603_p2" latency="0" BRAM="-1" DSP="-1" FF="0" LUT="2" fileDirectory="F:\vlsi"><\/item>
<item  id="76" filename="spam-filter/src/sw/sgd_sw.cpp" linenumber="42" name="or_ln949" contextFuncName="Sigmoid" moduleName="SgdLR_sw" rtlName="or_ln949_fu_609_p2" latency="0" BRAM="-1" DSP="-1" FF="0" LUT="2" fileDirectory="F:\vlsi"><\/item>
<item  id="77" filename="spam-filter/src/sw/sgd_sw.cpp" linenumber="42" name="or_ln_i" contextFuncName="Sigmoid" moduleName="SgdLR_sw" rtlName="or_ln_i_fu_615_p3" latency="0" BRAM="-1" DSP="-1" FF="-1" LUT="-1" fileDirectory="F:\vlsi"><\/item>
<item  id="78" filename="spam-filter/src/sw/sgd_sw.cpp" linenumber="42" name="icmp_ln954" contextFuncName="Sigmoid" moduleName="SgdLR_sw" rtlName="icmp_ln954_fu_623_p2" latency="0" BRAM="-1" DSP="-1" FF="0" LUT="18" fileDirectory="F:\vlsi"><\/item>
<item  id="79" filename="spam-filter/src/sw/sgd_sw.cpp" linenumber="42" name="add_ln954" contextFuncName="Sigmoid" moduleName="SgdLR_sw" rtlName="add_ln954_fu_629_p2" latency="0" BRAM="-1" DSP="-1" FF="0" LUT="39" fileDirectory="F:\vlsi"><\/item>
<item  id="80" filename="spam-filter/src/sw/sgd_sw.cpp" linenumber="42" name="lshr_ln954" contextFuncName="Sigmoid" moduleName="SgdLR_sw" rtlName="lshr_ln954_fu_634_p2" latency="0" BRAM="-1" DSP="-1" FF="0" LUT="101" fileDirectory="F:\vlsi"><\/item>
<item  id="81" filename="spam-filter/src/sw/sgd_sw.cpp" linenumber="42" name="sub_ln954" contextFuncName="Sigmoid" moduleName="SgdLR_sw" rtlName="sub_ln954_fu_639_p2" latency="0" BRAM="-1" DSP="-1" FF="0" LUT="39" fileDirectory="F:\vlsi"><\/item>
<item  id="82" filename="spam-filter/src/sw/sgd_sw.cpp" linenumber="42" name="shl_ln954" contextFuncName="Sigmoid" moduleName="SgdLR_sw" rtlName="shl_ln954_fu_644_p2" latency="0" BRAM="-1" DSP="-1" FF="0" LUT="101" fileDirectory="F:\vlsi"><\/item>
<item  id="83" filename="spam-filter/src/sw/sgd_sw.cpp" linenumber="42" name="m" contextFuncName="Sigmoid" moduleName="SgdLR_sw" rtlName="m_fu_649_p3" latency="0" BRAM="-1" DSP="-1" FF="0" LUT="32" fileDirectory="F:\vlsi"><\/item>
<item  id="84" filename="spam-filter/src/sw/sgd_sw.cpp" linenumber="42" name="m_1" contextFuncName="Sigmoid" moduleName="SgdLR_sw" rtlName="m_1_fu_656_p2" latency="0" BRAM="-1" DSP="-1" FF="0" LUT="39" fileDirectory="F:\vlsi"><\/item>
<item  id="85" filename="spam-filter/src/sw/sgd_sw.cpp" linenumber="42" name="m_4" contextFuncName="Sigmoid" moduleName="SgdLR_sw" rtlName="m_4_reg_1235" latency="0" BRAM="-1" DSP="-1" FF="-1" LUT="-1" fileDirectory="F:\vlsi"><\/item>
<item  id="86" filename="spam-filter/src/sw/sgd_sw.cpp" linenumber="42" name="m_5" contextFuncName="Sigmoid" moduleName="SgdLR_sw" rtlName="m_5_fu_685_p1" latency="0" BRAM="-1" DSP="-1" FF="-1" LUT="-1" fileDirectory="F:\vlsi"><\/item>
<item  id="87" filename="spam-filter/src/sw/sgd_sw.cpp" linenumber="42" name="tmp_2" contextFuncName="Sigmoid" moduleName="SgdLR_sw" rtlName="tmp_2_reg_1240" latency="0" BRAM="-1" DSP="-1" FF="-1" LUT="-1" fileDirectory="F:\vlsi"><\/item>
<item  id="88" filename="spam-filter/src/sw/sgd_sw.cpp" linenumber="42" name="select_ln964" contextFuncName="Sigmoid" moduleName="SgdLR_sw" rtlName="select_ln964_fu_688_p3" latency="0" BRAM="-1" DSP="-1" FF="0" LUT="7" fileDirectory="F:\vlsi"><\/item>
<item  id="89" filename="spam-filter/src/sw/sgd_sw.cpp" linenumber="42" name="trunc_ln943" contextFuncName="Sigmoid" moduleName="SgdLR_sw" rtlName="trunc_ln943_fu_514_p1" latency="0" BRAM="-1" DSP="-1" FF="-1" LUT="-1" fileDirectory="F:\vlsi"><\/item>
<item  id="90" filename="spam-filter/src/sw/sgd_sw.cpp" linenumber="42" name="sub_ln964" contextFuncName="Sigmoid" moduleName="SgdLR_sw" rtlName="sub_ln964_fu_695_p2" latency="0" BRAM="-1" DSP="-1" FF="0" LUT="8" fileDirectory="F:\vlsi"><\/item>
<item  id="91" filename="spam-filter/src/sw/sgd_sw.cpp" linenumber="42" name="add_ln964" contextFuncName="Sigmoid" moduleName="SgdLR_sw" rtlName="add_ln964_fu_700_p2" latency="0" BRAM="-1" DSP="-1" FF="0" LUT="8" fileDirectory="F:\vlsi"><\/item>
<item  id="92" filename="spam-filter/src/sw/sgd_sw.cpp" linenumber="42" name="tmp_4_i" contextFuncName="Sigmoid" moduleName="SgdLR_sw" rtlName="tmp_4_i_fu_706_p3" latency="0" BRAM="-1" DSP="-1" FF="-1" LUT="-1" fileDirectory="F:\vlsi"><\/item>
<item  id="93" filename="spam-filter/src/sw/sgd_sw.cpp" linenumber="42" name="p_Result_10" contextFuncName="Sigmoid" moduleName="SgdLR_sw" rtlName="p_Result_10_fu_713_p5" latency="0" BRAM="-1" DSP="-1" FF="-1" LUT="-1" fileDirectory="F:\vlsi"><\/item>
<item  id="94" filename="spam-filter/src/sw/sgd_sw.cpp" linenumber="42" name="bitcast_ln739" contextFuncName="Sigmoid" moduleName="SgdLR_sw" rtlName="bitcast_ln739_fu_725_p1" latency="0" BRAM="-1" DSP="-1" FF="-1" LUT="-1" fileDirectory="F:\vlsi"><\/item>
<item  id="95" filename="spam-filter/src/sw/sgd_sw.cpp" linenumber="42" name="select_ln935" contextFuncName="Sigmoid" moduleName="SgdLR_sw" rtlName="select_ln935_fu_729_p3" latency="0" BRAM="-1" DSP="-1" FF="0" LUT="32" fileDirectory="F:\vlsi"><\/item>
<item  id="96" filename="spam-filter/src/sw/sgd_sw.cpp" linenumber="42" name="tmp_1_i" contextFuncName="Sigmoid" moduleName="SgdLR_sw" rtlName="SgdLR_sw_fexp_32neOg_U4" latency="8" BRAM="-1" DSP="-1" FF="-1" LUT="-1" fileDirectory="F:\vlsi"><\/item>
<item  id="97" filename="spam-filter/src/sw/sgd_sw.cpp" linenumber="42" name="tmp_2_i" contextFuncName="Sigmoid" moduleName="SgdLR_sw" rtlName="SgdLR_sw_fadd_32nbkb_U1" latency="4" BRAM="-1" DSP="-1" FF="-1" LUT="-1" fileDirectory="F:\vlsi"><\/item>
<item  id="98" filename="spam-filter/src/sw/sgd_sw.cpp" linenumber="42" name="v_assign" contextFuncName="Sigmoid" moduleName="SgdLR_sw" rtlName="SgdLR_sw_fdiv_32ncud_U2" latency="15" BRAM="-1" DSP="-1" FF="-1" LUT="-1" fileDirectory="F:\vlsi"><\/item>
<item  id="99" filename="spam-filter/src/sw/sgd_sw.cpp" linenumber="42" name="d_assign" contextFuncName="Sigmoid" moduleName="SgdLR_sw" rtlName="SgdLR_sw_fpext_32dEe_U3" latency="1" BRAM="-1" DSP="-1" FF="-1" LUT="-1" fileDirectory="F:\vlsi"><\/item>
<item  id="100" filename="spam-filter/src/sw/sgd_sw.cpp" linenumber="42" name="ireg_V" contextFuncName="Sigmoid" moduleName="SgdLR_sw" rtlName="ireg_V_fu_737_p1" latency="0" BRAM="-1" DSP="-1" FF="-1" LUT="-1" fileDirectory="F:\vlsi"><\/item>
<item  id="101" filename="spam-filter/src/sw/sgd_sw.cpp" linenumber="42" name="trunc_ln556" contextFuncName="Sigmoid" moduleName="SgdLR_sw" rtlName="trunc_ln556_fu_741_p1" latency="0" BRAM="-1" DSP="-1" FF="-1" LUT="-1" fileDirectory="F:\vlsi"><\/item>
<item  id="102" filename="spam-filter/src/sw/sgd_sw.cpp" linenumber="42" name="p_Result_11" contextFuncName="Sigmoid" moduleName="SgdLR_sw" rtlName="p_Result_11_fu_745_p3" latency="0" BRAM="-1" DSP="-1" FF="-1" LUT="-1" fileDirectory="F:\vlsi"><\/item>
<item  id="103" filename="spam-filter/src/sw/sgd_sw.cpp" linenumber="42" name="exp_tmp_V" contextFuncName="Sigmoid" moduleName="SgdLR_sw" rtlName="exp_tmp_V_fu_753_p4" latency="0" BRAM="-1" DSP="-1" FF="-1" LUT="-1" fileDirectory="F:\vlsi"><\/item>
<item  id="104" filename="spam-filter/src/sw/sgd_sw.cpp" linenumber="42" name="zext_ln461" contextFuncName="Sigmoid" moduleName="SgdLR_sw" rtlName="zext_ln461_fu_763_p1" latency="0" BRAM="-1" DSP="-1" FF="-1" LUT="-1" fileDirectory="F:\vlsi"><\/item>
<item  id="105" filename="spam-filter/src/sw/sgd_sw.cpp" linenumber="42" name="trunc_ln565" contextFuncName="Sigmoid" moduleName="SgdLR_sw" rtlName="trunc_ln565_fu_767_p1" latency="0" BRAM="-1" DSP="-1" FF="-1" LUT="-1" fileDirectory="F:\vlsi"><\/item>
<item  id="106" filename="spam-filter/src/sw/sgd_sw.cpp" linenumber="42" name="tmp_5_i" contextFuncName="Sigmoid" moduleName="SgdLR_sw" rtlName="tmp_5_i_fu_771_p3" latency="0" BRAM="-1" DSP="-1" FF="-1" LUT="-1" fileDirectory="F:\vlsi"><\/item>
<item  id="107" filename="spam-filter/src/sw/sgd_sw.cpp" linenumber="42" name="p_Result_12" contextFuncName="Sigmoid" moduleName="SgdLR_sw" rtlName="p_Result_12_fu_779_p1" latency="0" BRAM="-1" DSP="-1" FF="-1" LUT="-1" fileDirectory="F:\vlsi"><\/item>
<item  id="108" filename="spam-filter/src/sw/sgd_sw.cpp" linenumber="42" name="man_V_1" contextFuncName="Sigmoid" moduleName="SgdLR_sw" rtlName="man_V_1_fu_783_p2" latency="0" BRAM="-1" DSP="-1" FF="0" LUT="61" fileDirectory="F:\vlsi"><\/item>
<item  id="109" filename="spam-filter/src/sw/sgd_sw.cpp" linenumber="42" name="man_V_2" contextFuncName="Sigmoid" moduleName="SgdLR_sw" rtlName="man_V_2_fu_789_p3" latency="0" BRAM="-1" DSP="-1" FF="0" LUT="54" fileDirectory="F:\vlsi"><\/item>
<item  id="110" filename="spam-filter/src/sw/sgd_sw.cpp" linenumber="42" name="icmp_ln571" contextFuncName="Sigmoid" moduleName="SgdLR_sw" rtlName="icmp_ln571_fu_797_p2" latency="0" BRAM="-1" DSP="-1" FF="0" LUT="29" fileDirectory="F:\vlsi"><\/item>
<item  id="111" filename="spam-filter/src/sw/sgd_sw.cpp" linenumber="42" name="F2" contextFuncName="Sigmoid" moduleName="SgdLR_sw" rtlName="F2_fu_803_p2" latency="0" BRAM="-1" DSP="-1" FF="0" LUT="12" fileDirectory="F:\vlsi"><\/item>
<item  id="112" filename="spam-filter/src/sw/sgd_sw.cpp" linenumber="42" name="icmp_ln581" contextFuncName="Sigmoid" moduleName="SgdLR_sw" rtlName="icmp_ln581_fu_809_p2" latency="0" BRAM="-1" DSP="-1" FF="0" LUT="13" fileDirectory="F:\vlsi"><\/item>
<item  id="113" filename="spam-filter/src/sw/sgd_sw.cpp" linenumber="42" name="add_ln581" contextFuncName="Sigmoid" moduleName="SgdLR_sw" rtlName="add_ln581_fu_815_p2" latency="0" BRAM="-1" DSP="-1" FF="0" LUT="12" fileDirectory="F:\vlsi"><\/item>
<item  id="114" filename="spam-filter/src/sw/sgd_sw.cpp" linenumber="42" name="sub_ln581" contextFuncName="Sigmoid" moduleName="SgdLR_sw" rtlName="sub_ln581_fu_821_p2" latency="0" BRAM="-1" DSP="-1" FF="0" LUT="12" fileDirectory="F:\vlsi"><\/item>
<item  id="115" filename="spam-filter/src/sw/sgd_sw.cpp" linenumber="42" name="sh_amt" contextFuncName="Sigmoid" moduleName="SgdLR_sw" rtlName="sh_amt_fu_827_p3" latency="0" BRAM="-1" DSP="-1" FF="0" LUT="12" fileDirectory="F:\vlsi"><\/item>
<item  id="116" filename="spam-filter/src/sw/sgd_sw.cpp" linenumber="42" name="sext_ln581" contextFuncName="Sigmoid" moduleName="SgdLR_sw" rtlName="sext_ln581_fu_855_p1" latency="0" BRAM="-1" DSP="-1" FF="-1" LUT="-1" fileDirectory="F:\vlsi"><\/item>
<item  id="117" filename="spam-filter/src/sw/sgd_sw.cpp" linenumber="42" name="icmp_ln582" contextFuncName="Sigmoid" moduleName="SgdLR_sw" rtlName="icmp_ln582_fu_835_p2" latency="0" BRAM="-1" DSP="-1" FF="0" LUT="13" fileDirectory="F:\vlsi"><\/item>
<item  id="118" filename="spam-filter/src/sw/sgd_sw.cpp" linenumber="42" name="trunc_ln583" contextFuncName="Sigmoid" moduleName="SgdLR_sw" rtlName="trunc_ln583_fu_841_p1" latency="0" BRAM="-1" DSP="-1" FF="-1" LUT="-1" fileDirectory="F:\vlsi"><\/item>
<item  id="119" filename="spam-filter/src/sw/sgd_sw.cpp" linenumber="42" name="icmp_ln585" contextFuncName="Sigmoid" moduleName="SgdLR_sw" rtlName="icmp_ln585_fu_858_p2" latency="0" BRAM="-1" DSP="-1" FF="0" LUT="13" fileDirectory="F:\vlsi"><\/item>
<item  id="120" filename="spam-filter/src/sw/sgd_sw.cpp" linenumber="42" name="tmp_4" contextFuncName="Sigmoid" moduleName="SgdLR_sw" rtlName="tmp_4_reg_1301" latency="0" BRAM="-1" DSP="-1" FF="-1" LUT="-1" fileDirectory="F:\vlsi"><\/item>
<item  id="121" filename="spam-filter/src/sw/sgd_sw.cpp" linenumber="42" name="icmp_ln603" contextFuncName="Sigmoid" moduleName="SgdLR_sw" rtlName="icmp_ln603_fu_863_p2" latency="0" BRAM="-1" DSP="-1" FF="0" LUT="11" fileDirectory="F:\vlsi"><\/item>
<item  id="122" filename="spam-filter/src/sw/sgd_sw.cpp" linenumber="42" name="zext_ln586" contextFuncName="Sigmoid" moduleName="SgdLR_sw" rtlName="zext_ln586_fu_868_p1" latency="0" BRAM="-1" DSP="-1" FF="-1" LUT="-1" fileDirectory="F:\vlsi"><\/item>
<item  id="123" filename="spam-filter/src/sw/sgd_sw.cpp" linenumber="42" name="ashr_ln586" contextFuncName="Sigmoid" moduleName="SgdLR_sw" rtlName="ashr_ln586_fu_872_p2" latency="0" BRAM="-1" DSP="-1" FF="0" LUT="162" fileDirectory="F:\vlsi"><\/item>
<item  id="124" filename="spam-filter/src/sw/sgd_sw.cpp" linenumber="42" name="trunc_ln586" contextFuncName="Sigmoid" moduleName="SgdLR_sw" rtlName="trunc_ln586_fu_877_p1" latency="0" BRAM="-1" DSP="-1" FF="-1" LUT="-1" fileDirectory="F:\vlsi"><\/item>
<item  id="125" filename="spam-filter/src/sw/sgd_sw.cpp" linenumber="42" name="bitcast_ln696" contextFuncName="Sigmoid" moduleName="SgdLR_sw" rtlName="bitcast_ln696_fu_881_p1" latency="0" BRAM="-1" DSP="-1" FF="-1" LUT="-1" fileDirectory="F:\vlsi"><\/item>
<item  id="126" filename="spam-filter/src/sw/sgd_sw.cpp" linenumber="42" name="tmp_5" contextFuncName="Sigmoid" moduleName="SgdLR_sw" rtlName="tmp_5_fu_884_p3" latency="0" BRAM="-1" DSP="-1" FF="-1" LUT="-1" fileDirectory="F:\vlsi"><\/item>
<item  id="127" filename="spam-filter/src/sw/sgd_sw.cpp" linenumber="42" name="select_ln588" contextFuncName="Sigmoid" moduleName="SgdLR_sw" rtlName="select_ln588_fu_892_p3" latency="0" BRAM="-1" DSP="-1" FF="0" LUT="2" fileDirectory="F:\vlsi"><\/item>
<item  id="128" filename="spam-filter/src/sw/sgd_sw.cpp" linenumber="42" name="shl_ln604" contextFuncName="Sigmoid" moduleName="SgdLR_sw" rtlName="shl_ln604_fu_900_p2" latency="0" BRAM="-1" DSP="-1" FF="0" LUT="101" fileDirectory="F:\vlsi"><\/item>
<item  id="129" filename="spam-filter/src/sw/sgd_sw.cpp" linenumber="42" name="xor_ln571" contextFuncName="Sigmoid" moduleName="SgdLR_sw" rtlName="xor_ln571_fu_905_p2" latency="0" BRAM="-1" DSP="-1" FF="0" LUT="2" fileDirectory="F:\vlsi"><\/item>
<item  id="130" filename="spam-filter/src/sw/sgd_sw.cpp" linenumber="42" name="and_ln582" contextFuncName="Sigmoid" moduleName="SgdLR_sw" rtlName="and_ln582_fu_910_p2" latency="0" BRAM="-1" DSP="-1" FF="0" LUT="2" fileDirectory="F:\vlsi"><\/item>
<item  id="131" filename="spam-filter/src/sw/sgd_sw.cpp" linenumber="42" name="or_ln582" contextFuncName="Sigmoid" moduleName="SgdLR_sw" rtlName="or_ln582_fu_915_p2" latency="0" BRAM="-1" DSP="-1" FF="0" LUT="2" fileDirectory="F:\vlsi"><\/item>
<item  id="132" filename="spam-filter/src/sw/sgd_sw.cpp" linenumber="42" name="xor_ln582" contextFuncName="Sigmoid" moduleName="SgdLR_sw" rtlName="xor_ln582_fu_919_p2" latency="0" BRAM="-1" DSP="-1" FF="0" LUT="2" fileDirectory="F:\vlsi"><\/item>
<item  id="133" filename="spam-filter/src/sw/sgd_sw.cpp" linenumber="42" name="and_ln581" contextFuncName="Sigmoid" moduleName="SgdLR_sw" rtlName="and_ln581_fu_925_p2" latency="0" BRAM="-1" DSP="-1" FF="0" LUT="2" fileDirectory="F:\vlsi"><\/item>
<item  id="134" filename="spam-filter/src/sw/sgd_sw.cpp" linenumber="42" name="xor_ln585" contextFuncName="Sigmoid" moduleName="SgdLR_sw" rtlName="xor_ln585_fu_930_p2" latency="0" BRAM="-1" DSP="-1" FF="0" LUT="2" fileDirectory="F:\vlsi"><\/item>
<item  id="135" filename="spam-filter/src/sw/sgd_sw.cpp" linenumber="42" name="and_ln585" contextFuncName="Sigmoid" moduleName="SgdLR_sw" rtlName="and_ln585_fu_936_p2" latency="0" BRAM="-1" DSP="-1" FF="0" LUT="2" fileDirectory="F:\vlsi"><\/item>
<item  id="136" filename="spam-filter/src/sw/sgd_sw.cpp" linenumber="42" name="and_ln585_1" contextFuncName="Sigmoid" moduleName="SgdLR_sw" rtlName="and_ln585_1_fu_942_p2" latency="0" BRAM="-1" DSP="-1" FF="0" LUT="2" fileDirectory="F:\vlsi"><\/item>
<item  id="137" filename="spam-filter/src/sw/sgd_sw.cpp" linenumber="42" name="or_ln581" contextFuncName="Sigmoid" moduleName="SgdLR_sw" rtlName="or_ln581_fu_948_p2" latency="0" BRAM="-1" DSP="-1" FF="0" LUT="2" fileDirectory="F:\vlsi"><\/item>
<item  id="138" filename="spam-filter/src/sw/sgd_sw.cpp" linenumber="42" name="xor_ln581" contextFuncName="Sigmoid" moduleName="SgdLR_sw" rtlName="xor_ln581_fu_953_p2" latency="0" BRAM="-1" DSP="-1" FF="0" LUT="2" fileDirectory="F:\vlsi"><\/item>
<item  id="139" filename="spam-filter/src/sw/sgd_sw.cpp" linenumber="42" name="and_ln603" contextFuncName="Sigmoid" moduleName="SgdLR_sw" rtlName="and_ln603_fu_959_p2" latency="0" BRAM="-1" DSP="-1" FF="0" LUT="2" fileDirectory="F:\vlsi"><\/item>
<item  id="140" filename="spam-filter/src/sw/sgd_sw.cpp" linenumber="42" name="select_ln603" contextFuncName="Sigmoid" moduleName="SgdLR_sw" rtlName="select_ln603_fu_965_p3" latency="0" BRAM="-1" DSP="-1" FF="0" LUT="32" fileDirectory="F:\vlsi"><\/item>
<item  id="141" filename="spam-filter/src/sw/sgd_sw.cpp" linenumber="42" name="or_ln603" contextFuncName="Sigmoid" moduleName="SgdLR_sw" rtlName="or_ln603_fu_973_p2" latency="0" BRAM="-1" DSP="-1" FF="0" LUT="2" fileDirectory="F:\vlsi"><\/item>
<item  id="142" filename="spam-filter/src/sw/sgd_sw.cpp" linenumber="42" name="select_ln603_1" contextFuncName="Sigmoid" moduleName="SgdLR_sw" rtlName="select_ln603_1_fu_979_p3" latency="0" BRAM="-1" DSP="-1" FF="0" LUT="32" fileDirectory="F:\vlsi"><\/item>
<item  id="143" filename="spam-filter/src/sw/sgd_sw.cpp" linenumber="42" name="or_ln603_1" contextFuncName="Sigmoid" moduleName="SgdLR_sw" rtlName="or_ln603_1_fu_986_p2" latency="0" BRAM="-1" DSP="-1" FF="0" LUT="2" fileDirectory="F:\vlsi"><\/item>
<item  id="144" filename="spam-filter/src/sw/sgd_sw.cpp" linenumber="42" name="select_ln603_2" contextFuncName="Sigmoid" moduleName="SgdLR_sw" rtlName="select_ln603_2_fu_1002_p3" latency="0" BRAM="-1" DSP="-1" FF="0" LUT="32" fileDirectory="F:\vlsi"><\/item>
<item  id="145" filename="spam-filter/src/sw/sgd_sw.cpp" linenumber="42" name="or_ln603_2" contextFuncName="Sigmoid" moduleName="SgdLR_sw" rtlName="or_ln603_2_fu_992_p2" latency="0" BRAM="-1" DSP="-1" FF="0" LUT="2" fileDirectory="F:\vlsi"><\/item>
<item  id="146" filename="spam-filter/src/sw/sgd_sw.cpp" linenumber="42" name="prob_V" contextFuncName="Sigmoid" moduleName="SgdLR_sw" rtlName="prob_V_fu_1007_p3" latency="0" BRAM="-1" DSP="-1" FF="0" LUT="32" fileDirectory="F:\vlsi"><\/item>
<item  id="147" filename="spam-filter/src/sw/sgd_sw.cpp" linenumber="117" name="zext_ln117" contextFuncName="SgdLR_sw" moduleName="SgdLR_sw" rtlName="zext_ln117_fu_998_p1" latency="0" BRAM="-1" DSP="-1" FF="-1" LUT="-1" fileDirectory="F:\vlsi"><\/item>
<item  id="150" filename="spam-filter/src/sw/sgd_sw.cpp" linenumber="117" name="shl_ln1" contextFuncName="SgdLR_sw" moduleName="SgdLR_sw" rtlName="shl_ln1_fu_1014_p3" latency="0" BRAM="-1" DSP="-1" FF="-1" LUT="-1" fileDirectory="F:\vlsi"><\/item>
<item  id="151" filename="spam-filter/src/sw/sgd_sw.cpp" linenumber="117" name="zext_ln1193" contextFuncName="SgdLR_sw" moduleName="SgdLR_sw" rtlName="zext_ln1193_fu_1022_p1" latency="0" BRAM="-1" DSP="-1" FF="-1" LUT="-1" fileDirectory="F:\vlsi"><\/item>
<item  id="152" filename="spam-filter/src/sw/sgd_sw.cpp" linenumber="117" name="sub_ln703" contextFuncName="SgdLR_sw" moduleName="SgdLR_sw" rtlName="sub_ln703_fu_1026_p2" latency="0" BRAM="-1" DSP="-1" FF="0" LUT="39" fileDirectory="F:\vlsi"><\/item>
<item  id="153" filename="spam-filter/src/sw/sgd_sw.cpp" linenumber="52" name="sext_ln52" contextFuncName="computeGradient" moduleName="SgdLR_sw" rtlName="sext_ln52_fu_1032_p1" latency="0" BRAM="-1" DSP="-1" FF="-1" LUT="-1" fileDirectory="F:\vlsi"><\/item>
<item  id="157" filename="spam-filter/src/sw/sgd_sw.cpp" linenumber="52" name="icmp_ln52" contextFuncName="computeGradient" moduleName="SgdLR_sw" rtlName="icmp_ln52_fu_1036_p2" latency="0" BRAM="-1" DSP="-1" FF="0" LUT="13" fileDirectory="F:\vlsi"><\/item>
<item  id="159" filename="spam-filter/src/sw/sgd_sw.cpp" linenumber="52" name="i_1" contextFuncName="computeGradient" moduleName="SgdLR_sw" rtlName="i_1_fu_1042_p2" latency="0" BRAM="-1" DSP="-1" FF="0" LUT="13" fileDirectory="F:\vlsi"><\/item>
<item  id="165" filename="spam-filter/src/sw/sgd_sw.cpp" linenumber="57" name="zext_ln57" contextFuncName="computeGradient" moduleName="SgdLR_sw" rtlName="zext_ln57_fu_1081_p1" latency="0" BRAM="-1" DSP="-1" FF="-1" LUT="-1" fileDirectory="F:\vlsi"><\/item>
<item  id="166" filename="spam-filter/src/sw/sgd_sw.cpp" linenumber="57" name="zext_ln1116_1" contextFuncName="computeGradient" moduleName="SgdLR_sw" rtlName="zext_ln1116_1_fu_1048_p1" latency="0" BRAM="-1" DSP="-1" FF="-1" LUT="-1" fileDirectory="F:\vlsi"><\/item>
<item  id="167" filename="spam-filter/src/sw/sgd_sw.cpp" linenumber="57" name="add_ln1117_1" contextFuncName="computeGradient" moduleName="SgdLR_sw" rtlName="add_ln1117_1_fu_1052_p2" latency="0" BRAM="-1" DSP="-1" FF="0" LUT="30" fileDirectory="F:\vlsi"><\/item>
<item  id="168" filename="spam-filter/src/sw/sgd_sw.cpp" linenumber="57" name="zext_ln1117_1" contextFuncName="computeGradient" moduleName="SgdLR_sw" rtlName="zext_ln1117_1_fu_1057_p1" latency="0" BRAM="-1" DSP="-1" FF="-1" LUT="-1" fileDirectory="F:\vlsi"><\/item>
<item  id="172" filename="spam-filter/src/sw/sgd_sw.cpp" linenumber="57" name="r_V" contextFuncName="computeGradient" moduleName="SgdLR_sw" rtlName="r_V_fu_1066_p2" latency="0" BRAM="-1" DSP="2" FF="0" LUT="20" fileDirectory="F:\vlsi"><\/item>
<item  id="173" filename="spam-filter/src/sw/sgd_sw.cpp" linenumber="57" name="trunc_ln7" contextFuncName="computeGradient" moduleName="SgdLR_sw" rtlName="trunc_ln7_reg_1350" latency="0" BRAM="-1" DSP="-1" FF="-1" LUT="-1" fileDirectory="F:\vlsi"><\/item>
<item  id="182" filename="spam-filter/src/sw/sgd_sw.cpp" linenumber="77" name="icmp_ln77" contextFuncName="updateParameter" moduleName="SgdLR_sw" rtlName="icmp_ln77_fu_1086_p2" latency="0" BRAM="-1" DSP="-1" FF="0" LUT="13" fileDirectory="F:\vlsi"><\/item>
<item  id="184" filename="spam-filter/src/sw/sgd_sw.cpp" linenumber="77" name="i_2" contextFuncName="updateParameter" moduleName="SgdLR_sw" rtlName="i_2_fu_1092_p2" latency="0" BRAM="-1" DSP="-1" FF="0" LUT="13" fileDirectory="F:\vlsi"><\/item>
<item  id="190" filename="spam-filter/src/sw/sgd_sw.cpp" linenumber="82" name="zext_ln82" contextFuncName="updateParameter" moduleName="SgdLR_sw" rtlName="zext_ln82_fu_1098_p1" latency="0" BRAM="-1" DSP="-1" FF="-1" LUT="-1" fileDirectory="F:\vlsi"><\/item>
<item  id="194" filename="spam-filter/src/sw/sgd_sw.cpp" linenumber="82" name="mul_ln1192_1" contextFuncName="updateParameter" moduleName="SgdLR_sw" rtlName="mul_ln1192_1_fu_1107_p2" latency="0" BRAM="-1" DSP="4" FF="0" LUT="20" fileDirectory="F:\vlsi"><\/item>
<item  id="197" filename="spam-filter/src/sw/sgd_sw.cpp" linenumber="82" name="lhs_V_1" contextFuncName="updateParameter" moduleName="SgdLR_sw" rtlName="lhs_V_1_fu_1113_p3" latency="0" BRAM="-1" DSP="-1" FF="-1" LUT="-1" fileDirectory="F:\vlsi"><\/item>
<item  id="198" filename="spam-filter/src/sw/sgd_sw.cpp" linenumber="82" name="ret_V_1" contextFuncName="updateParameter" moduleName="SgdLR_sw" rtlName="ret_V_1_fu_1121_p2" latency="0" BRAM="-1" DSP="-1" FF="0" LUT="58" fileDirectory="F:\vlsi"><\/item>
<item  id="199" filename="spam-filter/src/sw/sgd_sw.cpp" linenumber="82" name="trunc_ln708_1" contextFuncName="updateParameter" moduleName="SgdLR_sw" rtlName="theta_V_d1" latency="0" BRAM="-1" DSP="-1" FF="-1" LUT="-1" fileDirectory="F:\vlsi"><\/item>
<item  id="204" filename="spam-filter/src/sw/sgd_sw.cpp" linenumber="110" name="training_id" contextFuncName="SgdLR_sw" moduleName="SgdLR_sw" rtlName="training_id_fu_1137_p2" latency="0" BRAM="-1" DSP="-1" FF="0" LUT="17" fileDirectory="F:\vlsi"><\/item>
<\/annotationInfo>
</annotationInfo>
