<profile>

<section name = "Vivado HLS Report for 'SgdLR_sw'" level="0">
<item name = "Date">Sun Apr 11 22:37:13 2021
</item>
<item name = "Version">2019.1 (Build 2552052 on Fri May 24 15:28:33 MDT 2019)</item>
<item name = "Project">spam</item>
<item name = "Solution">solution1</item>
<item name = "Product family">zynq</item>
<item name = "Target device">xc7z020-clg484-1</item>
</section>

<section name = "Performance Estimates" level="0">
<item name = "Timing (ns)">
<section name = "" level="1">
<item name = "Summary"><table name="" hasTotal="0">
<keys size="4">Clock, Target, Estimated, Uncertainty</keys>
<column name="ap_clk">10.00, 8.670, 1.25</column>
</table>
</item>
</section>
</item>
<item name = "Latency (clock cycles)">
<section name = "" level="1">
<item name = "Summary"><table name="" hasTotal="0">
<keys size="6">, min, max, min, max, Type</keys>
<column name="">70335001, 70335001, 70335001, 70335001, none</column>
</table>
</item>
<item name = "Detail">
<section name = "" level="1">
<item name = "Instance"><table name="" hasTotal="0">
<keys size="7">Instance, Module, min, max, min, max, Type</keys>
</table>
</item>
<item name = "Loop"><table name="" hasTotal="0">
<keys size="8">Loop Name, min, max, Latency, achieved, target, Count, Pipelined</keys>
<column name="- EPOCH_TRAINING_INST">70335000, 70335000, 3126, -, -, 22500, no</column>
<column name=" + DOT">1028, 1028, 6, 1, 1, 1024, yes</column>
<column name=" + GRAD">1028, 1028, 6, 1, 1, 1024, yes</column>
<column name=" + UPDATE">1026, 1026, 4, 1, 1, 1024, yes</column>
</table>
</item>
</section>
</item>
</section>
</item>
</section>
</profile>
