<profile>

<section name = "Vivado HLS Report for 'SgdLR_sw'" level="0">
<item name = "Date">Sun Apr 11 22:37:14 2021
</item>
<item name = "Version">2019.1 (Build 2552052 on Fri May 24 15:28:33 MDT 2019)</item>
<item name = "Project">spam</item>
<item name = "Solution">solution1</item>
<item name = "Product family">zynq</item>
<item name = "Target device">xc7z020-clg484-1</item>
</section>

<section name = "Performance Estimates" level="0">
<item name = "Timing (ns)">
<section name = "" level="1">
<item name = "Summary"><table name="" hasTotal="0">
<keys size="4">Clock, Target, Estimated, Uncertainty</keys>
<column name="ap_clk">10.00, 8.670, 1.25</column>
</table>
</item>
</section>
</item>
<item name = "Latency (clock cycles)">
<section name = "" level="1">
<item name = "Summary"><table name="" hasTotal="0">
<keys size="6">, min, max, min, max, Type</keys>
<column name="">70335001, 70335001, 70335001, 70335001, none</column>
</table>
</item>
<item name = "Detail">
<section name = "" level="1">
<item name = "Instance"><table name="" hasTotal="0">
<keys size="7">Instance, Module, min, max, min, max, Type</keys>
</table>
</item>
<item name = "Loop"><table name="" hasTotal="0">
<keys size="8">Loop Name, min, max, Latency, achieved, target, Count, Pipelined</keys>
<column name="- EPOCH_TRAINING_INST">70335000, 70335000, 3126, -, -, 22500, no</column>
<column name=" + DOT">1028, 1028, 6, 1, 1, 1024, yes</column>
<column name=" + GRAD">1028, 1028, 6, 1, 1, 1024, yes</column>
<column name=" + UPDATE">1026, 1026, 4, 1, 1, 1024, yes</column>
</table>
</item>
</section>
</item>
</section>
</item>
</section>

<section name = "Utilization Estimates" level="0">
<item name = "Summary"><table name="" hasTotal="1">
<keys size="6">Name, BRAM_18K, DSP48E, FF, LUT, URAM</keys>
<column name="DSP">-, -, -, -, -</column>
<column name="Expression">-, 8, 73, 1978, -</column>
<column name="FIFO">-, -, -, -, -</column>
<column name="Instance">-, 9, 1343, 2446, -</column>
<column name="Memory">2, -, 0, 0, 0</column>
<column name="Multiplexer">-, -, -, 372, -</column>
<column name="Register">0, -, 1261, 160, -</column>
<specialColumn name="Available">280, 220, 106400, 53200, 0</specialColumn>
<specialColumn name="Utilization (%)">~0, 7, 2, 9, 0</specialColumn>
</table>
</item>
<item name = "Detail">
<section name = "" level="1">
<item name = "Instance"><table name="" hasTotal="1">
<keys size="7">Instance, Module, BRAM_18K, DSP48E, FF, LUT, URAM</keys>
<column name="SgdLR_sw_fadd_32nbkb_U1">SgdLR_sw_fadd_32nbkb, 0, 2, 205, 390, 0</column>
<column name="SgdLR_sw_fdiv_32ncud_U2">SgdLR_sw_fdiv_32ncud, 0, 0, 761, 994, 0</column>
<column name="SgdLR_sw_fexp_32neOg_U4">SgdLR_sw_fexp_32neOg, 0, 7, 277, 924, 0</column>
<column name="SgdLR_sw_fpext_32dEe_U3">SgdLR_sw_fpext_32dEe, 0, 0, 100, 138, 0</column>
</table>
</item>
<item name = "DSP48E"><table name="" hasTotal="0">
<keys size="3">Instance, Module, Expression</keys>
</table>
</item>
<item name = "Memory"><table name="" hasTotal="1">
<keys size="10">Memory, Module, BRAM_18K, FF, LUT, URAM, Words, Bits, Banks, W*Bits*Banks</keys>
<column name="gradient_V_U">SgdLR_sw_gradient_V, 2, 0, 0, 0, 1024, 32, 1, 32768</column>
</table>
</item>
<item name = "FIFO"><table name="" hasTotal="1">
<keys size="8">Name, BRAM_18K, FF, LUT, URAM, Depth, Bits, Size:D*B</keys>
</table>
</item>
<item name = "Expression"><table name="" hasTotal="1">
<keys size="7">Variable Name, Operation, DSP48E, FF, LUT, Bitwidth P0, Bitwidth P1</keys>
<column name="mul_ln1192_1_fu_1107_p2">*, 4, 0, 20, 32, 32</column>
<column name="mul_ln1192_fu_431_p2">*, 2, 0, 20, 16, 32</column>
<column name="r_V_fu_1066_p2">*, 2, 0, 20, 32, 16</column>
<column name="add_ln107_fu_364_p2">+, 0, 0, 21, 15, 1</column>
<column name="add_ln1117_1_fu_1052_p2">+, 0, 0, 30, 23, 23</column>
<column name="add_ln1117_fu_408_p2">+, 0, 0, 30, 23, 23</column>
<column name="add_ln581_fu_815_p2">+, 0, 0, 12, 6, 12</column>
<column name="add_ln954_fu_629_p2">+, 0, 0, 39, 6, 32</column>
<column name="add_ln964_fu_700_p2">+, 0, 0, 8, 8, 8</column>
<column name="i_1_fu_1042_p2">+, 0, 0, 13, 11, 1</column>
<column name="i_2_fu_1092_p2">+, 0, 0, 13, 11, 1</column>
<column name="i_fu_398_p2">+, 0, 0, 13, 11, 1</column>
<column name="lsb_index_fu_523_p2">+, 0, 0, 39, 6, 32</column>
<column name="m_1_fu_656_p2">+, 0, 0, 39, 32, 32</column>
<column name="ret_V_1_fu_1121_p2">+, 0, 0, 58, 51, 51</column>
<column name="ret_V_fu_445_p2">+, 0, 0, 51, 44, 44</column>
<column name="training_id_fu_1137_p2">+, 0, 0, 17, 13, 1</column>
<column name="F2_fu_803_p2">-, 0, 0, 12, 11, 12</column>
<column name="man_V_1_fu_783_p2">-, 0, 0, 61, 1, 54</column>
<column name="sub_ln1253_fu_460_p2">-, 0, 0, 39, 1, 32</column>
<column name="sub_ln581_fu_821_p2">-, 0, 0, 12, 5, 12</column>
<column name="sub_ln703_fu_1026_p2">-, 0, 0, 39, 32, 32</column>
<column name="sub_ln944_fu_518_p2">-, 0, 0, 39, 6, 32</column>
<column name="sub_ln947_fu_549_p2">-, 0, 0, 15, 4, 6</column>
<column name="sub_ln954_fu_639_p2">-, 0, 0, 39, 5, 32</column>
<column name="sub_ln964_fu_695_p2">-, 0, 0, 8, 4, 8</column>
<column name="a_fu_576_p2">and, 0, 0, 2, 1, 1</column>
<column name="and_ln581_fu_925_p2">and, 0, 0, 2, 1, 1</column>
<column name="and_ln582_fu_910_p2">and, 0, 0, 2, 1, 1</column>
<column name="and_ln585_1_fu_942_p2">and, 0, 0, 2, 1, 1</column>
<column name="and_ln585_fu_936_p2">and, 0, 0, 2, 1, 1</column>
<column name="and_ln603_fu_959_p2">and, 0, 0, 2, 1, 1</column>
<column name="and_ln949_fu_603_p2">and, 0, 0, 2, 1, 1</column>
<column name="p_Result_4_fu_565_p2">and, 0, 0, 33, 33, 33</column>
<column name="ashr_ln586_fu_872_p2">ashr, 0, 0, 162, 54, 54</column>
<column name="tmp_i3_fu_502_p3">cttz, 0, 73, 71, 64, 0</column>
<column name="icmp_ln107_fu_358_p2">icmp, 0, 0, 13, 15, 15</column>
<column name="icmp_ln110_fu_370_p2">icmp, 0, 0, 13, 13, 13</column>
<column name="icmp_ln21_fu_392_p2">icmp, 0, 0, 13, 11, 12</column>
<column name="icmp_ln52_fu_1036_p2">icmp, 0, 0, 13, 11, 12</column>
<column name="icmp_ln571_fu_797_p2">icmp, 0, 0, 29, 63, 1</column>
<column name="icmp_ln581_fu_809_p2">icmp, 0, 0, 13, 12, 5</column>
<column name="icmp_ln582_fu_835_p2">icmp, 0, 0, 13, 12, 5</column>
<column name="icmp_ln585_fu_858_p2">icmp, 0, 0, 13, 12, 6</column>
<column name="icmp_ln603_fu_863_p2">icmp, 0, 0, 11, 7, 1</column>
<column name="icmp_ln77_fu_1086_p2">icmp, 0, 0, 13, 11, 12</column>
<column name="icmp_ln935_fu_679_p2">icmp, 0, 0, 18, 32, 1</column>
<column name="icmp_ln947_1_fu_570_p2">icmp, 0, 0, 21, 33, 1</column>
<column name="icmp_ln947_fu_539_p2">icmp, 0, 0, 18, 31, 1</column>
<column name="icmp_ln954_fu_623_p2">icmp, 0, 0, 18, 32, 1</column>
<column name="p_Result_8_fu_466_p2">icmp, 0, 0, 18, 32, 1</column>
<column name="lshr_ln947_fu_559_p2">lshr, 0, 0, 105, 2, 33</column>
<column name="lshr_ln954_fu_634_p2">lshr, 0, 0, 101, 32, 32</column>
<column name="or_ln581_fu_948_p2">or, 0, 0, 2, 1, 1</column>
<column name="or_ln582_fu_915_p2">or, 0, 0, 2, 1, 1</column>
<column name="or_ln603_1_fu_986_p2">or, 0, 0, 2, 1, 1</column>
<column name="or_ln603_2_fu_992_p2">or, 0, 0, 2, 1, 1</column>
<column name="or_ln603_fu_973_p2">or, 0, 0, 2, 1, 1</column>
<column name="or_ln949_fu_609_p2">or, 0, 0, 2, 1, 1</column>
<column name="m_fu_649_p3">select, 0, 0, 32, 1, 32</column>
<column name="man_V_2_fu_789_p3">select, 0, 0, 54, 1, 54</column>
<column name="prob_V_fu_1007_p3">select, 0, 0, 32, 1, 32</column>
<column name="select_ln110_fu_376_p3">select, 0, 0, 13, 1, 1</column>
<column name="select_ln588_fu_892_p3">select, 0, 0, 2, 1, 2</column>
<column name="select_ln603_1_fu_979_p3">select, 0, 0, 32, 1, 32</column>
<column name="select_ln603_2_fu_1002_p3">select, 0, 0, 32, 1, 32</column>
<column name="select_ln603_fu_965_p3">select, 0, 0, 32, 1, 32</column>
<column name="select_ln935_fu_729_p3">select, 0, 0, 32, 1, 1</column>
<column name="select_ln964_fu_688_p3">select, 0, 0, 7, 1, 7</column>
<column name="sh_amt_fu_827_p3">select, 0, 0, 12, 1, 12</column>
<column name="tmp_V_fu_472_p3">select, 0, 0, 32, 1, 32</column>
<column name="shl_ln604_fu_900_p2">shl, 0, 0, 101, 32, 32</column>
<column name="shl_ln954_fu_644_p2">shl, 0, 0, 101, 32, 32</column>
<column name="ap_enable_pp0">xor, 0, 0, 2, 1, 2</column>
<column name="ap_enable_pp1">xor, 0, 0, 2, 1, 2</column>
<column name="ap_enable_pp2">xor, 0, 0, 2, 1, 2</column>
<column name="ap_enable_reg_pp0_iter1">xor, 0, 0, 2, 2, 1</column>
<column name="ap_enable_reg_pp1_iter1">xor, 0, 0, 2, 2, 1</column>
<column name="ap_enable_reg_pp2_iter1">xor, 0, 0, 2, 2, 1</column>
<column name="xor_ln571_fu_905_p2">xor, 0, 0, 2, 1, 2</column>
<column name="xor_ln581_fu_953_p2">xor, 0, 0, 2, 1, 2</column>
<column name="xor_ln582_fu_919_p2">xor, 0, 0, 2, 1, 2</column>
<column name="xor_ln585_fu_930_p2">xor, 0, 0, 2, 1, 2</column>
<column name="xor_ln949_fu_590_p2">xor, 0, 0, 2, 1, 2</column>
</table>
</item>
<item name = "Multiplexer"><table name="" hasTotal="1">
<keys size="5">Name, LUT, Input Size, Bits, Total Bits</keys>
<column name="ap_NS_fsm">201, 46, 1, 46</column>
<column name="ap_enable_reg_pp0_iter1">9, 2, 1, 2</column>
<column name="ap_enable_reg_pp0_iter5">9, 2, 1, 2</column>
<column name="ap_enable_reg_pp1_iter1">9, 2, 1, 2</column>
<column name="ap_enable_reg_pp1_iter5">9, 2, 1, 2</column>
<column name="ap_enable_reg_pp2_iter1">9, 2, 1, 2</column>
<column name="ap_enable_reg_pp2_iter3">9, 2, 1, 2</column>
<column name="ap_phi_mux_i_0_i9_phi_fu_313_p4">9, 2, 11, 22</column>
<column name="ap_phi_mux_i_0_i_phi_fu_301_p4">9, 2, 11, 22</column>
<column name="data_V_address0">15, 3, 23, 69</column>
<column name="gradient_V_address0">15, 3, 10, 30</column>
<column name="i_0_i17_reg_321">9, 2, 11, 22</column>
<column name="i_0_i9_reg_309">9, 2, 11, 22</column>
<column name="i_0_i_reg_297">9, 2, 11, 22</column>
<column name="indvar_flatten_reg_263">9, 2, 15, 30</column>
<column name="p_Val2_s_reg_285">9, 2, 32, 64</column>
<column name="theta_V_address0">15, 3, 10, 30</column>
<column name="training_id_0_reg_274">9, 2, 13, 26</column>
</table>
</item>
<item name = "Register"><table name="" hasTotal="1">
<keys size="5">Name, FF, LUT, Bits, Const Bits</keys>
<column name="add_ln107_reg_1146">15, 0, 15, 0</column>
<column name="ap_CS_fsm">45, 0, 45, 0</column>
<column name="ap_enable_reg_pp0_iter0">1, 0, 1, 0</column>
<column name="ap_enable_reg_pp0_iter1">1, 0, 1, 0</column>
<column name="ap_enable_reg_pp0_iter2">1, 0, 1, 0</column>
<column name="ap_enable_reg_pp0_iter3">1, 0, 1, 0</column>
<column name="ap_enable_reg_pp0_iter4">1, 0, 1, 0</column>
<column name="ap_enable_reg_pp0_iter5">1, 0, 1, 0</column>
<column name="ap_enable_reg_pp1_iter0">1, 0, 1, 0</column>
<column name="ap_enable_reg_pp1_iter1">1, 0, 1, 0</column>
<column name="ap_enable_reg_pp1_iter2">1, 0, 1, 0</column>
<column name="ap_enable_reg_pp1_iter3">1, 0, 1, 0</column>
<column name="ap_enable_reg_pp1_iter4">1, 0, 1, 0</column>
<column name="ap_enable_reg_pp1_iter5">1, 0, 1, 0</column>
<column name="ap_enable_reg_pp2_iter0">1, 0, 1, 0</column>
<column name="ap_enable_reg_pp2_iter1">1, 0, 1, 0</column>
<column name="ap_enable_reg_pp2_iter2">1, 0, 1, 0</column>
<column name="ap_enable_reg_pp2_iter3">1, 0, 1, 0</column>
<column name="gradient_V_load_reg_1375">32, 0, 32, 0</column>
<column name="i_0_i17_reg_321">11, 0, 11, 0</column>
<column name="i_0_i9_reg_309">11, 0, 11, 0</column>
<column name="i_0_i_reg_297">11, 0, 11, 0</column>
<column name="i_0_i_reg_297_pp0_iter1_reg">11, 0, 11, 0</column>
<column name="i_1_reg_1340">11, 0, 11, 0</column>
<column name="i_reg_1167">11, 0, 11, 0</column>
<column name="icmp_ln21_reg_1163">1, 0, 1, 0</column>
<column name="icmp_ln52_reg_1336">1, 0, 1, 0</column>
<column name="icmp_ln571_reg_1271">1, 0, 1, 0</column>
<column name="icmp_ln581_reg_1277">1, 0, 1, 0</column>
<column name="icmp_ln582_reg_1289">1, 0, 1, 0</column>
<column name="icmp_ln77_reg_1355">1, 0, 1, 0</column>
<column name="icmp_ln954_reg_1230">1, 0, 1, 0</column>
<column name="indvar_flatten_reg_263">15, 0, 15, 0</column>
<column name="l_reg_1209">32, 0, 32, 0</column>
<column name="m_4_reg_1235">31, 0, 31, 0</column>
<column name="man_V_2_reg_1266">54, 0, 54, 0</column>
<column name="mul_ln1192_1_reg_1380">27, 0, 51, 24</column>
<column name="mul_ln1192_reg_1182">44, 0, 44, 0</column>
<column name="or_ln603_2_reg_1321">1, 0, 1, 0</column>
<column name="or_ln603_reg_1311">1, 0, 1, 0</column>
<column name="or_ln_i_reg_1225">1, 0, 32, 31</column>
<column name="p_Result_8_reg_1192">1, 0, 1, 0</column>
<column name="p_Val2_s_reg_285">32, 0, 32, 0</column>
<column name="reg_350">32, 0, 32, 0</column>
<column name="reg_354">16, 0, 16, 0</column>
<column name="select_ln110_reg_1151">13, 0, 13, 0</column>
<column name="select_ln603_1_reg_1316">32, 0, 32, 0</column>
<column name="select_ln603_reg_1306">32, 0, 32, 0</column>
<column name="select_ln935_reg_1245">32, 0, 32, 0</column>
<column name="sext_ln52_reg_1331">44, 0, 44, 0</column>
<column name="sh_amt_reg_1283">12, 0, 12, 0</column>
<column name="shl_ln_reg_1157">13, 0, 23, 10</column>
<column name="sub_ln944_reg_1219">32, 0, 32, 0</column>
<column name="theta_V_addr_1_reg_1369">10, 0, 10, 0</column>
<column name="tmp_1_i_reg_1250">32, 0, 32, 0</column>
<column name="tmp_2_i_reg_1255">32, 0, 32, 0</column>
<column name="tmp_2_reg_1240">1, 0, 1, 0</column>
<column name="tmp_4_reg_1301">7, 0, 7, 0</column>
<column name="tmp_V_reg_1197">32, 0, 32, 0</column>
<column name="training_id_0_reg_274">13, 0, 13, 0</column>
<column name="trunc_ln583_reg_1295">32, 0, 32, 0</column>
<column name="trunc_ln7_reg_1350">32, 0, 32, 0</column>
<column name="trunc_ln943_reg_1214">8, 0, 8, 0</column>
<column name="v_assign_reg_1260">32, 0, 32, 0</column>
<column name="zext_ln938_reg_1203">32, 0, 33, 1</column>
<column name="i_0_i9_reg_309">64, 32, 11, 0</column>
<column name="icmp_ln21_reg_1163">64, 32, 1, 0</column>
<column name="icmp_ln52_reg_1336">64, 32, 1, 0</column>
<column name="icmp_ln77_reg_1355">64, 32, 1, 0</column>
<column name="theta_V_addr_1_reg_1369">64, 32, 10, 0</column>
</table>
</item>
</section>
</item>
</section>

<section name = "Interface" level="0">
<item name = "Summary"><table name="" hasTotal="0">
<keys size="6">RTL Ports, Dir, Bits, Protocol, Source Object, C Type</keys>
<column name="ap_clk">in, 1, ap_ctrl_hs, SgdLR_sw, return value</column>
<column name="ap_rst">in, 1, ap_ctrl_hs, SgdLR_sw, return value</column>
<column name="ap_start">in, 1, ap_ctrl_hs, SgdLR_sw, return value</column>
<column name="ap_done">out, 1, ap_ctrl_hs, SgdLR_sw, return value</column>
<column name="ap_idle">out, 1, ap_ctrl_hs, SgdLR_sw, return value</column>
<column name="ap_ready">out, 1, ap_ctrl_hs, SgdLR_sw, return value</column>
<column name="data_V_address0">out, 23, ap_memory, data_V, array</column>
<column name="data_V_ce0">out, 1, ap_memory, data_V, array</column>
<column name="data_V_q0">in, 16, ap_memory, data_V, array</column>
<column name="label_V_address0">out, 13, ap_memory, label_V, array</column>
<column name="label_V_ce0">out, 1, ap_memory, label_V, array</column>
<column name="label_V_q0">in, 8, ap_memory, label_V, array</column>
<column name="theta_V_address0">out, 10, ap_memory, theta_V, array</column>
<column name="theta_V_ce0">out, 1, ap_memory, theta_V, array</column>
<column name="theta_V_q0">in, 32, ap_memory, theta_V, array</column>
<column name="theta_V_address1">out, 10, ap_memory, theta_V, array</column>
<column name="theta_V_ce1">out, 1, ap_memory, theta_V, array</column>
<column name="theta_V_we1">out, 1, ap_memory, theta_V, array</column>
<column name="theta_V_d1">out, 32, ap_memory, theta_V, array</column>
</table>
</item>
</section>
</profile>
